#
# There is insufficient memory for the Java Runtime Environment to continue.
# Native memory allocation (mmap) failed to map 69206016 bytes for G1 virtual space
# Possible reasons:
#   The system is out of physical RAM or swap space
#   The process is running with CompressedOops enabled, and the Java Heap may be blocking the growth of the native heap
# Possible solutions:
#   Reduce memory load on the system
#   Increase physical memory or swap space
#   Check if swap backing store is full
#   Decrease Java heap size (-Xmx/-Xms)
#   Decrease number of Java threads
#   Decrease Java thread stack sizes (-Xss)
#   Set larger code cache with -XX:ReservedCodeCacheSize=
#   JVM is running with Unscaled Compressed Oops mode in which the Java heap is
#     placed in the first 4GB address space. The Java Heap base address is the
#     maximum limit for the native heap growth. Please use -XX:HeapBaseMinAddress
#     to set the Java Heap base and to place the Java Heap above 4GB virtual address.
# This output file may be truncated or incomplete.
#
#  Out of Memory Error (os_windows.cpp:3603), pid=15284, tid=24292
#
# JRE version: Java(TM) SE Runtime Environment (21.0.9+7) (build 21.0.9+7-LTS-338)
# Java VM: Java HotSpot(TM) 64-Bit Server VM (21.0.9+7-LTS-338, mixed mode, sharing, tiered, compressed oops, compressed class ptrs, g1 gc, windows-amd64)
# No core dump will be written. Minidumps are not enabled by default on client versions of Windows
#

---------------  S U M M A R Y ------------

Command Line: --add-opens=java.base/java.lang=ALL-UNNAMED --add-opens=java.base/java.lang.invoke=ALL-UNNAMED --add-opens=java.base/java.util=ALL-UNNAMED --add-opens=java.prefs/java.util.prefs=ALL-UNNAMED --add-exports=jdk.compiler/com.sun.tools.javac.api=ALL-UNNAMED --add-exports=jdk.compiler/com.sun.tools.javac.util=ALL-UNNAMED --add-opens=java.base/java.util=ALL-UNNAMED --add-opens=java.prefs/java.util.prefs=ALL-UNNAMED --add-opens=java.base/java.nio.charset=ALL-UNNAMED --add-opens=java.base/java.net=ALL-UNNAMED --add-opens=java.base/java.util.concurrent=ALL-UNNAMED --add-opens=java.base/java.util.concurrent.atomic=ALL-UNNAMED --add-opens=java.xml/javax.xml.namespace=ALL-UNNAMED --add-opens=java.base/java.time=ALL-UNNAMED -Xmx2048m -Dfile.encoding=UTF-8 -Duser.country=US -Duser.language=en -Duser.variant -javaagent:D:\Android\Gradle_Home\wrapper\dists\gradle-9.3.1-bin\23ovyewtku6u96viwx3xl3oks\gradle-9.3.1\lib\agents\gradle-instrumentation-agent-9.3.1.jar org.gradle.launcher.daemon.bootstrap.GradleDaemon 9.3.1

Host: 11th Gen Intel(R) Core(TM) i5-1135G7 @ 2.40GHz, 8 cores, 3G,  Windows 11 , 64 bit Build 22621 (10.0.22621.5415)
Time: Sun Mar 15 21:56:39 2026 SE Asia Standard Time elapsed time: 851.112292 seconds (0d 0h 14m 11s)

---------------  T H R E A D  ---------------

Current thread (0x0000023093374df0):  VMThread "VM Thread"          [id=24292, stack(0x000000fc5f300000,0x000000fc5f400000) (1024K)]

Stack: [0x000000fc5f300000,0x000000fc5f400000]
Native frames: (J=compiled Java code, j=interpreted, Vv=VM code, C=native code)
V  [jvm.dll+0x6cbf89]
V  [jvm.dll+0x858421]
V  [jvm.dll+0x85a94e]
V  [jvm.dll+0x85b023]
V  [jvm.dll+0x27ebc6]
V  [jvm.dll+0x6c8705]
V  [jvm.dll+0x6bd26a]
V  [jvm.dll+0x354a0a]
V  [jvm.dll+0x35c686]
V  [jvm.dll+0x3af79e]
V  [jvm.dll+0x3afa48]
V  [jvm.dll+0x328d1c]
V  [jvm.dll+0x328da7]
V  [jvm.dll+0x36d6cc]
V  [jvm.dll+0x36bf1e]
V  [jvm.dll+0x3284e1]
V  [jvm.dll+0x36b63a]
V  [jvm.dll+0x860df0]
V  [jvm.dll+0x862174]
V  [jvm.dll+0x8626b0]
V  [jvm.dll+0x862953]
V  [jvm.dll+0x80265b]
V  [jvm.dll+0x6ca66d]
C  [ucrtbase.dll+0x29333]
C  [KERNEL32.DLL+0x1259d]
C  [ntdll.dll+0x5af78]

VM_Operation (0x000000fc608f17f0): G1CollectForAllocation, mode: safepoint, requested by thread 0x00000230e8bec520


---------------  P R O C E S S  ---------------

Threads class SMR info:
_java_thread_list=0x00000230e8a47920, length=58, elements={
0x00000230f47e24d0, 0x000002309338d630, 0x000002309338e350, 0x0000023093390a00,
0x00000230933919e0, 0x0000023093396290, 0x00000230933941c0, 0x00000230933a5a20,
0x00000230933a6ad0, 0x0000023093395570, 0x0000023093396920, 0x0000023093394ee0,
0x0000023093394850, 0x0000023093395c00, 0x00000230da8f4830, 0x00000230da8f4ec0,
0x00000230da8f2760, 0x00000230da8f0690, 0x00000230da8f1a40, 0x00000230da8f0000,
0x00000230da8f7620, 0x00000230da8f0d20, 0x00000230dc882260, 0x00000230dc882f80,
0x00000230dc884330, 0x00000230dc883610, 0x00000230dc881540, 0x00000230dc8828f0,
0x00000230e7179940, 0x00000230e8391890, 0x00000230e8be4f00, 0x00000230e8be5c20,
0x00000230e8be9dc0, 0x00000230e8bec520, 0x00000230e8be7660, 0x00000230e8be5590,
0x00000230e8be7cf0, 0x00000230e8bed240, 0x00000230e8be8380, 0x00000230e8becbb0,
0x00000230e8bea450, 0x00000230e8be62b0, 0x00000230e8bf2790, 0x00000230e8bebe90,
0x00000230e8bf2e20, 0x00000230e8bed8d0, 0x00000230e8bedf60, 0x00000230e8bee5f0,
0x00000230e8bf13e0, 0x00000230e8bf1a70, 0x00000230e8beec80, 0x00000230e8bef310,
0x00000230e8bef9a0, 0x00000230e8bf0030, 0x00000230e8bf0d50, 0x00000230e8bf34b0,
0x00000230daeaced0, 0x00000230daead560
}

Java Threads: ( => current thread )
  0x00000230f47e24d0 JavaThread "main"                              [_thread_blocked, id=17384, stack(0x000000fc5ec00000,0x000000fc5ed00000) (1024K)]
  0x000002309338d630 JavaThread "Reference Handler"          daemon [_thread_blocked, id=20840, stack(0x000000fc5f400000,0x000000fc5f500000) (1024K)]
  0x000002309338e350 JavaThread "Finalizer"                  daemon [_thread_blocked, id=18556, stack(0x000000fc5f500000,0x000000fc5f600000) (1024K)]
  0x0000023093390a00 JavaThread "Signal Dispatcher"          daemon [_thread_blocked, id=9528, stack(0x000000fc5f600000,0x000000fc5f700000) (1024K)]
  0x00000230933919e0 JavaThread "Attach Listener"            daemon [_thread_blocked, id=7580, stack(0x000000fc5f700000,0x000000fc5f800000) (1024K)]
  0x0000023093396290 JavaThread "Service Thread"             daemon [_thread_blocked, id=21960, stack(0x000000fc5f800000,0x000000fc5f900000) (1024K)]
  0x00000230933941c0 JavaThread "Monitor Deflation Thread"   daemon [_thread_blocked, id=21632, stack(0x000000fc5f900000,0x000000fc5fa00000) (1024K)]
  0x00000230933a5a20 JavaThread "C2 CompilerThread0"         daemon [_thread_blocked, id=2664, stack(0x000000fc5fa00000,0x000000fc5fb00000) (1024K)]
  0x00000230933a6ad0 JavaThread "C1 CompilerThread0"         daemon [_thread_blocked, id=9164, stack(0x000000fc5fb00000,0x000000fc5fc00000) (1024K)]
  0x0000023093395570 JavaThread "Common-Cleaner"             daemon [_thread_blocked, id=10268, stack(0x000000fc5fc00000,0x000000fc5fd00000) (1024K)]
  0x0000023093396920 JavaThread "Notification Thread"        daemon [_thread_blocked, id=16004, stack(0x000000fc5fd00000,0x000000fc5fe00000) (1024K)]
  0x0000023093394ee0 JavaThread "Daemon health stats"               [_thread_blocked, id=21148, stack(0x000000fc60300000,0x000000fc60400000) (1024K)]
  0x0000023093394850 JavaThread "Incoming local TCP Connector on port 65206"        [_thread_in_native, id=24104, stack(0x000000fc60400000,0x000000fc60500000) (1024K)]
  0x0000023093395c00 JavaThread "Daemon periodic checks"            [_thread_blocked, id=10400, stack(0x000000fc60500000,0x000000fc60600000) (1024K)]
  0x00000230da8f4830 JavaThread "Cache worker for journal cache (D:\Android\Gradle_Home\caches\journal-1)"        [_thread_blocked, id=15808, stack(0x000000fc60f00000,0x000000fc61000000) (1024K)]
  0x00000230da8f4ec0 JavaThread "File lock request listener"        [_thread_in_native, id=17424, stack(0x000000fc61000000,0x000000fc61100000) (1024K)]
  0x00000230da8f2760 JavaThread "Cache worker for file hash cache (D:\Android\Gradle_Home\caches\9.3.1\fileHashes)"        [_thread_blocked, id=23652, stack(0x000000fc61100000,0x000000fc61200000) (1024K)]
  0x00000230da8f0690 JavaThread "File watcher server"        daemon [_thread_in_native, id=19272, stack(0x000000fc61500000,0x000000fc61600000) (1024K)]
  0x00000230da8f1a40 JavaThread "File watcher consumer"      daemon [_thread_blocked, id=7584, stack(0x000000fc61600000,0x000000fc61700000) (1024K)]
  0x00000230da8f0000 JavaThread "jar transforms"                    [_thread_blocked, id=8948, stack(0x000000fc61700000,0x000000fc61800000) (1024K)]
  0x00000230da8f7620 JavaThread "jar transforms Thread 2"           [_thread_blocked, id=11876, stack(0x000000fc61800000,0x000000fc61900000) (1024K)]
  0x00000230da8f0d20 JavaThread "jar transforms Thread 3"           [_thread_blocked, id=9728, stack(0x000000fc61900000,0x000000fc61a00000) (1024K)]
  0x00000230dc882260 JavaThread "jar transforms Thread 4"           [_thread_blocked, id=17528, stack(0x000000fc61a00000,0x000000fc61b00000) (1024K)]
  0x00000230dc882f80 JavaThread "jar transforms Thread 5"           [_thread_blocked, id=24176, stack(0x000000fc61b00000,0x000000fc61c00000) (1024K)]
  0x00000230dc884330 JavaThread "jar transforms Thread 6"           [_thread_blocked, id=24336, stack(0x000000fc61c00000,0x000000fc61d00000) (1024K)]
  0x00000230dc883610 JavaThread "jar transforms Thread 7"           [_thread_blocked, id=19288, stack(0x000000fc61d00000,0x000000fc61e00000) (1024K)]
  0x00000230dc881540 JavaThread "jar transforms Thread 8"           [_thread_blocked, id=21556, stack(0x000000fc61e00000,0x000000fc61f00000) (1024K)]
  0x00000230dc8828f0 JavaThread "Cache worker for file content cache (D:\Android\Gradle_Home\caches\9.3.1\fileContent)"        [_thread_blocked, id=19196, stack(0x000000fc62000000,0x000000fc62100000) (1024K)]
  0x00000230e7179940 JavaThread "Memory manager"                    [_thread_blocked, id=23520, stack(0x000000fc5e900000,0x000000fc5ea00000) (1024K)]
  0x00000230e8391890 JavaThread "pool-3-thread-1"                   [_thread_blocked, id=15388, stack(0x000000fc5ea00000,0x000000fc5eb00000) (1024K)]
  0x00000230e8be4f00 JavaThread "Daemon Thread 2"                   [_thread_blocked, id=19532, stack(0x000000fc5eb00000,0x000000fc5ec00000) (1024K)]
  0x00000230e8be5c20 JavaThread "Handler for socket connection from /127.0.0.1:65206 to /127.0.0.1:64104"        [_thread_in_native, id=17068, stack(0x000000fc60600000,0x000000fc60700000) (1024K)]
  0x00000230e8be9dc0 JavaThread "Cancel handler"                    [_thread_blocked, id=16604, stack(0x000000fc60700000,0x000000fc60800000) (1024K)]
  0x00000230e8bec520 JavaThread "Daemon worker Thread 2"            [_thread_blocked, id=16872, stack(0x000000fc60800000,0x000000fc60900000) (1024K)]
  0x00000230e8be7660 JavaThread "Asynchronous log dispatcher for DefaultDaemonConnection: socket connection from /127.0.0.1:65206 to /127.0.0.1:64104"        [_thread_blocked, id=23824, stack(0x000000fc60900000,0x000000fc60a00000) (1024K)]
  0x00000230e8be5590 JavaThread "Stdin handler"                     [_thread_blocked, id=23156, stack(0x000000fc60a00000,0x000000fc60b00000) (1024K)]
  0x00000230e8be7cf0 JavaThread "Daemon client event forwarder"        [_thread_blocked, id=12136, stack(0x000000fc60b00000,0x000000fc60c00000) (1024K)]
  0x00000230e8bed240 JavaThread "Cache worker for file hash cache (D:\Android\65134312-AndroidProgramming\LaynearLayOut_Tong2So\.gradle\9.3.1\fileHashes)"        [_thread_blocked, id=8960, stack(0x000000fc60c00000,0x000000fc60d00000) (1024K)]
  0x00000230e8be8380 JavaThread "Cache worker for Build Output Cleanup Cache (D:\Android\65134312-AndroidProgramming\LaynearLayOut_Tong2So\.gradle\buildOutputCleanup)"        [_thread_blocked, id=5188, stack(0x000000fc61300000,0x000000fc61400000) (1024K)]
  0x00000230e8becbb0 JavaThread "Cache worker for checksums cache (D:\Android\65134312-AndroidProgramming\LaynearLayOut_Tong2So\.gradle\9.3.1\checksums)"        [_thread_blocked, id=2544, stack(0x000000fc61400000,0x000000fc61500000) (1024K)]
  0x00000230e8bea450 JavaThread "Cache worker for cache directory md-supplier (D:\Android\Gradle_Home\caches\9.3.1\md-supplier)"        [_thread_blocked, id=18868, stack(0x000000fc61f00000,0x000000fc62000000) (1024K)]
  0x00000230e8be62b0 JavaThread "Cache worker for cache directory md-rule (D:\Android\Gradle_Home\caches\9.3.1\md-rule)"        [_thread_blocked, id=5948, stack(0x000000fc62100000,0x000000fc62200000) (1024K)]
  0x00000230e8bf2790 JavaThread "Unconstrained build operations"        [_thread_blocked, id=10132, stack(0x000000fc62200000,0x000000fc62300000) (1024K)]
  0x00000230e8bebe90 JavaThread "Unconstrained build operations Thread 2"        [_thread_blocked, id=22964, stack(0x000000fc62300000,0x000000fc62400000) (1024K)]
  0x00000230e8bf2e20 JavaThread "Unconstrained build operations Thread 3"        [_thread_blocked, id=9100, stack(0x000000fc62400000,0x000000fc62500000) (1024K)]
  0x00000230e8bed8d0 JavaThread "Unconstrained build operations Thread 4"        [_thread_blocked, id=9064, stack(0x000000fc62500000,0x000000fc62600000) (1024K)]
  0x00000230e8bedf60 JavaThread "Unconstrained build operations Thread 5"        [_thread_blocked, id=15780, stack(0x000000fc62600000,0x000000fc62700000) (1024K)]
  0x00000230e8bee5f0 JavaThread "Unconstrained build operations Thread 6"        [_thread_blocked, id=16960, stack(0x000000fc62700000,0x000000fc62800000) (1024K)]
  0x00000230e8bf13e0 JavaThread "Unconstrained build operations Thread 7"        [_thread_blocked, id=4216, stack(0x000000fc62800000,0x000000fc62900000) (1024K)]
  0x00000230e8bf1a70 JavaThread "Unconstrained build operations Thread 8"        [_thread_blocked, id=12252, stack(0x000000fc62900000,0x000000fc62a00000) (1024K)]
  0x00000230e8beec80 JavaThread "Unconstrained build operations Thread 9"        [_thread_blocked, id=22772, stack(0x000000fc62a00000,0x000000fc62b00000) (1024K)]
  0x00000230e8bef310 JavaThread "Unconstrained build operations Thread 10"        [_thread_blocked, id=1348, stack(0x000000fc62b00000,0x000000fc62c00000) (1024K)]
  0x00000230e8bef9a0 JavaThread "Unconstrained build operations Thread 11"        [_thread_blocked, id=19856, stack(0x000000fc62c00000,0x000000fc62d00000) (1024K)]
  0x00000230e8bf0030 JavaThread "Unconstrained build operations Thread 12"        [_thread_blocked, id=188, stack(0x000000fc62d00000,0x000000fc62e00000) (1024K)]
  0x00000230e8bf0d50 JavaThread "Unconstrained build operations Thread 13"        [_thread_blocked, id=8672, stack(0x000000fc62e00000,0x000000fc62f00000) (1024K)]
  0x00000230e8bf34b0 JavaThread "Unconstrained build operations Thread 14"        [_thread_blocked, id=14904, stack(0x000000fc62f00000,0x000000fc63000000) (1024K)]
  0x00000230daeaced0 JavaThread "Unconstrained build operations Thread 15"        [_thread_blocked, id=13268, stack(0x000000fc63000000,0x000000fc63100000) (1024K)]
  0x00000230daead560 JavaThread "Unconstrained build operations Thread 16"        [_thread_blocked, id=15612, stack(0x000000fc63100000,0x000000fc63200000) (1024K)]
Total: 58

Other Threads:
=>0x0000023093374df0 VMThread "VM Thread"                           [id=24292, stack(0x000000fc5f300000,0x000000fc5f400000) (1024K)]
  0x0000023093363090 WatcherThread "VM Periodic Task Thread"        [id=22744, stack(0x000000fc5f200000,0x000000fc5f300000) (1024K)]
  0x00000230f69b3560 WorkerThread "GC Thread#0"                     [id=9824, stack(0x000000fc5ed00000,0x000000fc5ee00000) (1024K)]
  0x00000230936c5f40 WorkerThread "GC Thread#1"                     [id=8212, stack(0x000000fc5fe00000,0x000000fc5ff00000) (1024K)]
  0x00000230938be900 WorkerThread "GC Thread#2"                     [id=13420, stack(0x000000fc5ff00000,0x000000fc60000000) (1024K)]
  0x00000230d983a6b0 WorkerThread "GC Thread#3"                     [id=17124, stack(0x000000fc60000000,0x000000fc60100000) (1024K)]
  0x00000230d983ca70 WorkerThread "GC Thread#4"                     [id=23632, stack(0x000000fc60100000,0x000000fc60200000) (1024K)]
  0x00000230d9b51d70 WorkerThread "GC Thread#5"                     [id=20120, stack(0x000000fc60200000,0x000000fc60300000) (1024K)]
  0x00000230daa2b770 WorkerThread "GC Thread#6"                     [id=15956, stack(0x000000fc60d00000,0x000000fc60e00000) (1024K)]
  0x00000230daa2bf30 WorkerThread "GC Thread#7"                     [id=22108, stack(0x000000fc60e00000,0x000000fc60f00000) (1024K)]
  0x00000230f69c4680 ConcurrentGCThread "G1 Main Marker"            [id=22564, stack(0x000000fc5ee00000,0x000000fc5ef00000) (1024K)]
  0x00000230f69c5830 WorkerThread "G1 Conc#0"                       [id=16136, stack(0x000000fc5ef00000,0x000000fc5f000000) (1024K)]
  0x00000230dbae0a40 WorkerThread "G1 Conc#1"                       [id=20244, stack(0x000000fc61200000,0x000000fc61300000) (1024K)]
  0x00000230f6a1e6c0 ConcurrentGCThread "G1 Refine#0"               [id=19792, stack(0x000000fc5f000000,0x000000fc5f100000) (1024K)]
  0x0000023093235320 ConcurrentGCThread "G1 Service"                [id=23096, stack(0x000000fc5f100000,0x000000fc5f200000) (1024K)]
Total: 15

Threads with active compile tasks:
C2 CompilerThread0   851212 23860       4       org.jetbrains.kotlin.fir.deserialization.FirMemberDeserializer::addValueParametersTo (457 bytes)
Total: 1

VM state: at safepoint (normal execution)

VM Mutex/Monitor currently owned by a thread:  ([mutex/lock_event])
[0x00007ffb583b0df0] Threads_lock - owner thread: 0x0000023093374df0
[0x00007ffb583b0ef0] Heap_lock - owner thread: 0x00000230e8bec520

Heap address: 0x0000000080000000, size: 2048 MB, Compressed Oops mode: 32-bit

CDS archive(s) mapped at: [0x0000023094000000-0x0000023094c90000-0x0000023094c90000), size 13172736, SharedBaseAddress: 0x0000023094000000, ArchiveRelocationMode: 1.
Compressed class space mapped at: 0x0000023095000000-0x00000230d5000000, reserved size: 1073741824
Narrow klass base: 0x0000023094000000, Narrow klass shift: 0, Narrow klass range: 0x100000000

GC Precious Log:
 CardTable entry size: 512
 Card Set container configuration: InlinePtr #cards 5 size 8 Array Of Cards #cards 12 size 40 Howl #buckets 4 coarsen threshold 1843 Howl Bitmap #cards 512 size 80 coarsen threshold 460 Card regions per heap region 1 cards per card region 2048
 CPUs: 8 total, 8 available
 Memory: 3763M
 Large Page Support: Disabled
 NUMA Support: Disabled
 Compressed Oops: Enabled (32-bit)
 Heap Region Size: 1M
 Heap Min Capacity: 8M
 Heap Initial Capacity: 60M
 Heap Max Capacity: 2G
 Pre-touch: Disabled
 Parallel Workers: 8
 Concurrent Workers: 2
 Concurrent Refinement Workers: 8
 Periodic GC: Disabled

Heap:
 garbage-first heap   total 432128K, used 281364K [0x0000000080000000, 0x0000000100000000)
  region size 1024K, 3 young (3072K), 3 survivors (3072K)
 Metaspace       used 194821K, committed 197760K, reserved 1245184K
  class space    used 24578K, committed 26048K, reserved 1048576K

Heap Regions: E=young(eden), S=young(survivor), O=old, HS=humongous(starts), HC=humongous(continues), CS=collection set, F=free, TAMS=top-at-mark-start, PB=parsable bottom
|   0|0x0000000080000000, 0x0000000080100000, 0x0000000080100000|100%|HS|  |TAMS 0x0000000080000000| PB 0x0000000080000000| Complete 
|   1|0x0000000080100000, 0x0000000080200000, 0x0000000080200000|100%|HC|  |TAMS 0x0000000080100000| PB 0x0000000080100000| Complete 
|   2|0x0000000080200000, 0x0000000080300000, 0x0000000080300000|100%|HC|  |TAMS 0x0000000080200000| PB 0x0000000080200000| Complete 
|   3|0x0000000080300000, 0x0000000080400000, 0x0000000080400000|100%|HC|  |TAMS 0x0000000080300000| PB 0x0000000080300000| Complete 
|   4|0x0000000080400000, 0x0000000080500000, 0x0000000080500000|100%| O|  |TAMS 0x0000000080400000| PB 0x0000000080400000| Untracked 
|   5|0x0000000080500000, 0x0000000080600000, 0x0000000080600000|100%| O|  |TAMS 0x0000000080500000| PB 0x0000000080500000| Untracked 
|   6|0x0000000080600000, 0x0000000080700000, 0x0000000080700000|100%| O|  |TAMS 0x0000000080600000| PB 0x0000000080600000| Untracked 
|   7|0x0000000080700000, 0x0000000080800000, 0x0000000080800000|100%| O|  |TAMS 0x0000000080700000| PB 0x0000000080700000| Untracked 
|   8|0x0000000080800000, 0x0000000080900000, 0x0000000080900000|100%| O|  |TAMS 0x0000000080800000| PB 0x0000000080800000| Untracked 
|   9|0x0000000080900000, 0x0000000080a00000, 0x0000000080a00000|100%| O|  |TAMS 0x0000000080900000| PB 0x0000000080900000| Untracked 
|  10|0x0000000080a00000, 0x0000000080b00000, 0x0000000080b00000|100%| O|  |TAMS 0x0000000080a00000| PB 0x0000000080a00000| Untracked 
|  11|0x0000000080b00000, 0x0000000080c00000, 0x0000000080c00000|100%| O|  |TAMS 0x0000000080b00000| PB 0x0000000080b00000| Untracked 
|  12|0x0000000080c00000, 0x0000000080d00000, 0x0000000080d00000|100%|HS|  |TAMS 0x0000000080c00000| PB 0x0000000080c00000| Complete 
|  13|0x0000000080d00000, 0x0000000080e00000, 0x0000000080e00000|100%| O|  |TAMS 0x0000000080d00000| PB 0x0000000080d00000| Untracked 
|  14|0x0000000080e00000, 0x0000000080f00000, 0x0000000080f00000|100%| O|  |TAMS 0x0000000080e00000| PB 0x0000000080e00000| Untracked 
|  15|0x0000000080f00000, 0x0000000081000000, 0x0000000081000000|100%| O|  |TAMS 0x0000000080f00000| PB 0x0000000080f00000| Untracked 
|  16|0x0000000081000000, 0x0000000081100000, 0x0000000081100000|100%| O|  |TAMS 0x0000000081000000| PB 0x0000000081000000| Untracked 
|  17|0x0000000081100000, 0x0000000081200000, 0x0000000081200000|100%| O|  |TAMS 0x0000000081100000| PB 0x0000000081100000| Untracked 
|  18|0x0000000081200000, 0x0000000081300000, 0x0000000081300000|100%| O|  |TAMS 0x0000000081200000| PB 0x0000000081200000| Untracked 
|  19|0x0000000081300000, 0x0000000081400000, 0x0000000081400000|100%| O|  |TAMS 0x0000000081300000| PB 0x0000000081300000| Untracked 
|  20|0x0000000081400000, 0x0000000081500000, 0x0000000081500000|100%| O|  |TAMS 0x0000000081400000| PB 0x0000000081400000| Untracked 
|  21|0x0000000081500000, 0x0000000081600000, 0x0000000081600000|100%| O|  |TAMS 0x0000000081500000| PB 0x0000000081500000| Untracked 
|  22|0x0000000081600000, 0x0000000081700000, 0x0000000081700000|100%| O|  |TAMS 0x0000000081600000| PB 0x0000000081600000| Untracked 
|  23|0x0000000081700000, 0x0000000081800000, 0x0000000081800000|100%|HS|  |TAMS 0x0000000081700000| PB 0x0000000081700000| Complete 
|  24|0x0000000081800000, 0x0000000081900000, 0x0000000081900000|100%|HC|  |TAMS 0x0000000081800000| PB 0x0000000081800000| Complete 
|  25|0x0000000081900000, 0x0000000081a00000, 0x0000000081a00000|100%|HC|  |TAMS 0x0000000081900000| PB 0x0000000081900000| Complete 
|  26|0x0000000081a00000, 0x0000000081b00000, 0x0000000081b00000|100%|HC|  |TAMS 0x0000000081a00000| PB 0x0000000081a00000| Complete 
|  27|0x0000000081b00000, 0x0000000081c00000, 0x0000000081c00000|100%|HC|  |TAMS 0x0000000081b00000| PB 0x0000000081b00000| Complete 
|  28|0x0000000081c00000, 0x0000000081d00000, 0x0000000081d00000|100%|HC|  |TAMS 0x0000000081c00000| PB 0x0000000081c00000| Complete 
|  29|0x0000000081d00000, 0x0000000081e00000, 0x0000000081e00000|100%| O|  |TAMS 0x0000000081d00000| PB 0x0000000081d00000| Untracked 
|  30|0x0000000081e00000, 0x0000000081f00000, 0x0000000081f00000|100%| O|  |TAMS 0x0000000081e00000| PB 0x0000000081e00000| Untracked 
|  31|0x0000000081f00000, 0x0000000082000000, 0x0000000082000000|100%| O|  |TAMS 0x0000000081f00000| PB 0x0000000081f00000| Untracked 
|  32|0x0000000082000000, 0x0000000082100000, 0x0000000082100000|100%| O|  |TAMS 0x0000000082000000| PB 0x0000000082000000| Untracked 
|  33|0x0000000082100000, 0x0000000082200000, 0x0000000082200000|100%|HS|  |TAMS 0x0000000082100000| PB 0x0000000082100000| Complete 
|  34|0x0000000082200000, 0x0000000082300000, 0x0000000082300000|100%|HC|  |TAMS 0x0000000082200000| PB 0x0000000082200000| Complete 
|  35|0x0000000082300000, 0x0000000082400000, 0x0000000082400000|100%|HS|  |TAMS 0x0000000082300000| PB 0x0000000082300000| Complete 
|  36|0x0000000082400000, 0x0000000082500000, 0x0000000082500000|100%|HS|  |TAMS 0x0000000082400000| PB 0x0000000082400000| Complete 
|  37|0x0000000082500000, 0x0000000082600000, 0x0000000082600000|100%|HC|  |TAMS 0x0000000082500000| PB 0x0000000082500000| Complete 
|  38|0x0000000082600000, 0x0000000082700000, 0x0000000082700000|100%|HC|  |TAMS 0x0000000082600000| PB 0x0000000082600000| Complete 
|  39|0x0000000082700000, 0x0000000082800000, 0x0000000082800000|100%|HC|  |TAMS 0x0000000082700000| PB 0x0000000082700000| Complete 
|  40|0x0000000082800000, 0x0000000082900000, 0x0000000082900000|100%|HC|  |TAMS 0x0000000082800000| PB 0x0000000082800000| Complete 
|  41|0x0000000082900000, 0x0000000082a00000, 0x0000000082a00000|100%|HC|  |TAMS 0x0000000082900000| PB 0x0000000082900000| Complete 
|  42|0x0000000082a00000, 0x0000000082b00000, 0x0000000082b00000|100%|HS|  |TAMS 0x0000000082a00000| PB 0x0000000082a00000| Complete 
|  43|0x0000000082b00000, 0x0000000082c00000, 0x0000000082c00000|100%|HC|  |TAMS 0x0000000082b00000| PB 0x0000000082b00000| Complete 
|  44|0x0000000082c00000, 0x0000000082d00000, 0x0000000082d00000|100%|HS|  |TAMS 0x0000000082c00000| PB 0x0000000082c00000| Complete 
|  45|0x0000000082d00000, 0x0000000082e00000, 0x0000000082e00000|100%| O|  |TAMS 0x0000000082d00000| PB 0x0000000082d00000| Untracked 
|  46|0x0000000082e00000, 0x0000000082f00000, 0x0000000082f00000|100%| O|  |TAMS 0x0000000082e00000| PB 0x0000000082e00000| Untracked 
|  47|0x0000000082f00000, 0x0000000083000000, 0x0000000083000000|100%| O|  |TAMS 0x0000000082f00000| PB 0x0000000082f00000| Untracked 
|  48|0x0000000083000000, 0x0000000083100000, 0x0000000083100000|100%| O|  |TAMS 0x0000000083000000| PB 0x0000000083000000| Untracked 
|  49|0x0000000083100000, 0x0000000083200000, 0x0000000083200000|100%| O|  |TAMS 0x0000000083100000| PB 0x0000000083100000| Untracked 
|  50|0x0000000083200000, 0x0000000083300000, 0x0000000083300000|100%| O|  |TAMS 0x0000000083200000| PB 0x0000000083200000| Untracked 
|  51|0x0000000083300000, 0x0000000083400000, 0x0000000083400000|100%|HS|  |TAMS 0x0000000083300000| PB 0x0000000083300000| Complete 
|  52|0x0000000083400000, 0x0000000083500000, 0x0000000083500000|100%|HC|  |TAMS 0x0000000083400000| PB 0x0000000083400000| Complete 
|  53|0x0000000083500000, 0x0000000083600000, 0x0000000083600000|100%| O|  |TAMS 0x0000000083500000| PB 0x0000000083500000| Untracked 
|  54|0x0000000083600000, 0x0000000083700000, 0x0000000083700000|100%| O|  |TAMS 0x0000000083600000| PB 0x0000000083600000| Untracked 
|  55|0x0000000083700000, 0x0000000083800000, 0x0000000083800000|100%| O|  |TAMS 0x0000000083700000| PB 0x0000000083700000| Untracked 
|  56|0x0000000083800000, 0x0000000083900000, 0x0000000083900000|100%| O|  |TAMS 0x0000000083800000| PB 0x0000000083800000| Untracked 
|  57|0x0000000083900000, 0x0000000083a00000, 0x0000000083a00000|100%| O|  |TAMS 0x0000000083900000| PB 0x0000000083900000| Untracked 
|  58|0x0000000083a00000, 0x0000000083b00000, 0x0000000083b00000|100%| O|  |TAMS 0x0000000083a00000| PB 0x0000000083a00000| Untracked 
|  59|0x0000000083b00000, 0x0000000083c00000, 0x0000000083c00000|100%| O|  |TAMS 0x0000000083b00000| PB 0x0000000083b00000| Untracked 
|  60|0x0000000083c00000, 0x0000000083d00000, 0x0000000083d00000|100%| O|  |TAMS 0x0000000083c00000| PB 0x0000000083c00000| Untracked 
|  61|0x0000000083d00000, 0x0000000083e00000, 0x0000000083e00000|100%| O|  |TAMS 0x0000000083d00000| PB 0x0000000083d00000| Untracked 
|  62|0x0000000083e00000, 0x0000000083f00000, 0x0000000083f00000|100%| O|  |TAMS 0x0000000083e00000| PB 0x0000000083e00000| Untracked 
|  63|0x0000000083f00000, 0x0000000084000000, 0x0000000084000000|100%| O|  |TAMS 0x0000000083f00000| PB 0x0000000083f00000| Untracked 
|  64|0x0000000084000000, 0x0000000084100000, 0x0000000084100000|100%| O|  |TAMS 0x0000000084000000| PB 0x0000000084000000| Untracked 
|  65|0x0000000084100000, 0x0000000084200000, 0x0000000084200000|100%| O|  |TAMS 0x0000000084100000| PB 0x0000000084100000| Untracked 
|  66|0x0000000084200000, 0x0000000084300000, 0x0000000084300000|100%| O|  |TAMS 0x0000000084200000| PB 0x0000000084200000| Untracked 
|  67|0x0000000084300000, 0x0000000084400000, 0x0000000084400000|100%| O|  |TAMS 0x0000000084300000| PB 0x0000000084300000| Untracked 
|  68|0x0000000084400000, 0x0000000084500000, 0x0000000084500000|100%| O|  |TAMS 0x0000000084400000| PB 0x0000000084400000| Untracked 
|  69|0x0000000084500000, 0x0000000084600000, 0x0000000084600000|100%| O|  |TAMS 0x0000000084500000| PB 0x0000000084500000| Untracked 
|  70|0x0000000084600000, 0x0000000084700000, 0x0000000084700000|100%| O|  |TAMS 0x0000000084600000| PB 0x0000000084600000| Untracked 
|  71|0x0000000084700000, 0x0000000084800000, 0x0000000084800000|100%| O|  |TAMS 0x0000000084700000| PB 0x0000000084700000| Untracked 
|  72|0x0000000084800000, 0x0000000084900000, 0x0000000084900000|100%| O|  |TAMS 0x0000000084800000| PB 0x0000000084800000| Untracked 
|  73|0x0000000084900000, 0x0000000084a00000, 0x0000000084a00000|100%| O|  |TAMS 0x0000000084900000| PB 0x0000000084900000| Untracked 
|  74|0x0000000084a00000, 0x0000000084b00000, 0x0000000084b00000|100%| O|  |TAMS 0x0000000084a00000| PB 0x0000000084a00000| Untracked 
|  75|0x0000000084b00000, 0x0000000084c00000, 0x0000000084c00000|100%| O|  |TAMS 0x0000000084b00000| PB 0x0000000084b00000| Untracked 
|  76|0x0000000084c00000, 0x0000000084d00000, 0x0000000084d00000|100%| O|  |TAMS 0x0000000084c00000| PB 0x0000000084c00000| Untracked 
|  77|0x0000000084d00000, 0x0000000084e00000, 0x0000000084e00000|100%| O|  |TAMS 0x0000000084d00000| PB 0x0000000084d00000| Untracked 
|  78|0x0000000084e00000, 0x0000000084f00000, 0x0000000084f00000|100%| O|Cm|TAMS 0x0000000084e00000| PB 0x0000000084e00000| Complete 
|  79|0x0000000084f00000, 0x0000000085000000, 0x0000000085000000|100%| O|  |TAMS 0x0000000084f00000| PB 0x0000000084f00000| Untracked 
|  80|0x0000000085000000, 0x0000000085100000, 0x0000000085100000|100%| O|  |TAMS 0x0000000085000000| PB 0x0000000085000000| Untracked 
|  81|0x0000000085100000, 0x0000000085200000, 0x0000000085200000|100%| O|  |TAMS 0x0000000085100000| PB 0x0000000085100000| Untracked 
|  82|0x0000000085200000, 0x0000000085300000, 0x0000000085300000|100%| O|  |TAMS 0x0000000085200000| PB 0x0000000085200000| Untracked 
|  83|0x0000000085300000, 0x0000000085400000, 0x0000000085400000|100%| O|  |TAMS 0x0000000085300000| PB 0x0000000085300000| Untracked 
|  84|0x0000000085400000, 0x0000000085500000, 0x0000000085500000|100%| O|  |TAMS 0x0000000085400000| PB 0x0000000085400000| Untracked 
|  85|0x0000000085500000, 0x0000000085600000, 0x0000000085600000|100%| O|  |TAMS 0x0000000085500000| PB 0x0000000085500000| Untracked 
|  86|0x0000000085600000, 0x0000000085700000, 0x0000000085700000|100%| O|Cm|TAMS 0x0000000085600000| PB 0x0000000085600000| Complete 
|  87|0x0000000085700000, 0x0000000085800000, 0x0000000085800000|100%| O|  |TAMS 0x0000000085700000| PB 0x0000000085700000| Untracked 
|  88|0x0000000085800000, 0x0000000085900000, 0x0000000085900000|100%| O|  |TAMS 0x0000000085800000| PB 0x0000000085800000| Untracked 
|  89|0x0000000085900000, 0x0000000085a00000, 0x0000000085a00000|100%| O|  |TAMS 0x0000000085900000| PB 0x0000000085900000| Untracked 
|  90|0x0000000085a00000, 0x0000000085b00000, 0x0000000085b00000|100%| O|  |TAMS 0x0000000085a00000| PB 0x0000000085a00000| Untracked 
|  91|0x0000000085b00000, 0x0000000085c00000, 0x0000000085c00000|100%|HS|  |TAMS 0x0000000085b00000| PB 0x0000000085b00000| Complete 
|  92|0x0000000085c00000, 0x0000000085d00000, 0x0000000085d00000|100%| O|Cm|TAMS 0x0000000085c00000| PB 0x0000000085c00000| Complete 
|  93|0x0000000085d00000, 0x0000000085e00000, 0x0000000085e00000|100%| O|  |TAMS 0x0000000085d00000| PB 0x0000000085d00000| Untracked 
|  94|0x0000000085e00000, 0x0000000085f00000, 0x0000000085f00000|100%| O|Cm|TAMS 0x0000000085e00000| PB 0x0000000085e00000| Complete 
|  95|0x0000000085f00000, 0x0000000086000000, 0x0000000086000000|100%| O|  |TAMS 0x0000000085f00000| PB 0x0000000085f00000| Untracked 
|  96|0x0000000086000000, 0x0000000086100000, 0x0000000086100000|100%| O|  |TAMS 0x0000000086000000| PB 0x0000000086000000| Untracked 
|  97|0x0000000086100000, 0x0000000086200000, 0x0000000086200000|100%| O|  |TAMS 0x0000000086100000| PB 0x0000000086100000| Untracked 
|  98|0x0000000086200000, 0x0000000086300000, 0x0000000086300000|100%| O|  |TAMS 0x0000000086200000| PB 0x0000000086200000| Untracked 
|  99|0x0000000086300000, 0x0000000086400000, 0x0000000086400000|100%| O|  |TAMS 0x0000000086300000| PB 0x0000000086300000| Untracked 
| 100|0x0000000086400000, 0x0000000086500000, 0x0000000086500000|100%| O|  |TAMS 0x0000000086400000| PB 0x0000000086400000| Untracked 
| 101|0x0000000086500000, 0x0000000086600000, 0x0000000086600000|100%| O|  |TAMS 0x0000000086500000| PB 0x0000000086500000| Untracked 
| 102|0x0000000086600000, 0x0000000086700000, 0x0000000086700000|100%| O|  |TAMS 0x0000000086600000| PB 0x0000000086600000| Untracked 
| 103|0x0000000086700000, 0x0000000086800000, 0x0000000086800000|100%| O|  |TAMS 0x0000000086700000| PB 0x0000000086700000| Untracked 
| 104|0x0000000086800000, 0x0000000086900000, 0x0000000086900000|100%| O|  |TAMS 0x0000000086800000| PB 0x0000000086800000| Untracked 
| 105|0x0000000086900000, 0x0000000086a00000, 0x0000000086a00000|100%| O|  |TAMS 0x0000000086900000| PB 0x0000000086900000| Untracked 
| 106|0x0000000086a00000, 0x0000000086b00000, 0x0000000086b00000|100%| O|  |TAMS 0x0000000086a00000| PB 0x0000000086a00000| Untracked 
| 107|0x0000000086b00000, 0x0000000086c00000, 0x0000000086c00000|100%| O|  |TAMS 0x0000000086b00000| PB 0x0000000086b00000| Untracked 
| 108|0x0000000086c00000, 0x0000000086d00000, 0x0000000086d00000|100%| O|Cm|TAMS 0x0000000086c00000| PB 0x0000000086c00000| Complete 
| 109|0x0000000086d00000, 0x0000000086e00000, 0x0000000086e00000|100%| O|  |TAMS 0x0000000086d00000| PB 0x0000000086d00000| Untracked 
| 110|0x0000000086e00000, 0x0000000086f00000, 0x0000000086f00000|100%| O|  |TAMS 0x0000000086e00000| PB 0x0000000086e00000| Untracked 
| 111|0x0000000086f00000, 0x0000000087000000, 0x0000000087000000|100%| O|  |TAMS 0x0000000086f00000| PB 0x0000000086f00000| Untracked 
| 112|0x0000000087000000, 0x0000000087100000, 0x0000000087100000|100%| O|  |TAMS 0x0000000087000000| PB 0x0000000087000000| Untracked 
| 113|0x0000000087100000, 0x0000000087200000, 0x0000000087200000|100%| O|  |TAMS 0x0000000087100000| PB 0x0000000087100000| Untracked 
| 114|0x0000000087200000, 0x0000000087300000, 0x0000000087300000|100%| O|  |TAMS 0x0000000087200000| PB 0x0000000087200000| Untracked 
| 115|0x0000000087300000, 0x0000000087400000, 0x0000000087400000|100%| O|  |TAMS 0x0000000087300000| PB 0x0000000087300000| Untracked 
| 116|0x0000000087400000, 0x0000000087500000, 0x0000000087500000|100%| O|  |TAMS 0x0000000087400000| PB 0x0000000087400000| Untracked 
| 117|0x0000000087500000, 0x0000000087600000, 0x0000000087600000|100%| O|Cm|TAMS 0x0000000087500000| PB 0x0000000087500000| Complete 
| 118|0x0000000087600000, 0x0000000087700000, 0x0000000087700000|100%| O|  |TAMS 0x0000000087600000| PB 0x0000000087600000| Untracked 
| 119|0x0000000087700000, 0x0000000087800000, 0x0000000087800000|100%|HS|  |TAMS 0x0000000087700000| PB 0x0000000087700000| Complete 
| 120|0x0000000087800000, 0x0000000087900000, 0x0000000087900000|100%| O|  |TAMS 0x0000000087800000| PB 0x0000000087800000| Untracked 
| 121|0x0000000087900000, 0x0000000087a00000, 0x0000000087a00000|100%| O|  |TAMS 0x0000000087900000| PB 0x0000000087900000| Untracked 
| 122|0x0000000087a00000, 0x0000000087b00000, 0x0000000087b00000|100%| O|  |TAMS 0x0000000087a00000| PB 0x0000000087a00000| Untracked 
| 123|0x0000000087b00000, 0x0000000087c00000, 0x0000000087c00000|100%| O|  |TAMS 0x0000000087b00000| PB 0x0000000087b00000| Untracked 
| 124|0x0000000087c00000, 0x0000000087d00000, 0x0000000087d00000|100%| O|  |TAMS 0x0000000087c00000| PB 0x0000000087c00000| Untracked 
| 125|0x0000000087d00000, 0x0000000087e00000, 0x0000000087e00000|100%| O|  |TAMS 0x0000000087d00000| PB 0x0000000087d00000| Untracked 
| 126|0x0000000087e00000, 0x0000000087f00000, 0x0000000087f00000|100%| O|  |TAMS 0x0000000087e00000| PB 0x0000000087e00000| Untracked 
| 127|0x0000000087f00000, 0x0000000088000000, 0x0000000088000000|100%|HS|  |TAMS 0x0000000087f00000| PB 0x0000000087f00000| Complete 
| 128|0x0000000088000000, 0x0000000088100000, 0x0000000088100000|100%| O|  |TAMS 0x0000000088000000| PB 0x0000000088000000| Untracked 
| 129|0x0000000088100000, 0x0000000088200000, 0x0000000088200000|100%| O|  |TAMS 0x0000000088100000| PB 0x0000000088100000| Untracked 
| 130|0x0000000088200000, 0x0000000088300000, 0x0000000088300000|100%| O|  |TAMS 0x0000000088200000| PB 0x0000000088200000| Untracked 
| 131|0x0000000088300000, 0x0000000088400000, 0x0000000088400000|100%| O|  |TAMS 0x0000000088300000| PB 0x0000000088300000| Untracked 
| 132|0x0000000088400000, 0x0000000088500000, 0x0000000088500000|100%| O|  |TAMS 0x0000000088400000| PB 0x0000000088400000| Untracked 
| 133|0x0000000088500000, 0x0000000088600000, 0x0000000088600000|100%| O|  |TAMS 0x0000000088500000| PB 0x0000000088500000| Untracked 
| 134|0x0000000088600000, 0x0000000088700000, 0x0000000088700000|100%| O|  |TAMS 0x0000000088600000| PB 0x0000000088600000| Untracked 
| 135|0x0000000088700000, 0x0000000088800000, 0x0000000088800000|100%|HS|  |TAMS 0x0000000088700000| PB 0x0000000088700000| Complete 
| 136|0x0000000088800000, 0x0000000088900000, 0x0000000088900000|100%|HS|  |TAMS 0x0000000088800000| PB 0x0000000088800000| Complete 
| 137|0x0000000088900000, 0x0000000088a00000, 0x0000000088a00000|100%| O|  |TAMS 0x0000000088900000| PB 0x0000000088900000| Untracked 
| 138|0x0000000088a00000, 0x0000000088b00000, 0x0000000088b00000|100%| O|  |TAMS 0x0000000088a00000| PB 0x0000000088a00000| Untracked 
| 139|0x0000000088b00000, 0x0000000088c00000, 0x0000000088c00000|100%| O|  |TAMS 0x0000000088b00000| PB 0x0000000088b00000| Untracked 
| 140|0x0000000088c00000, 0x0000000088d00000, 0x0000000088d00000|100%| O|  |TAMS 0x0000000088c00000| PB 0x0000000088c00000| Untracked 
| 141|0x0000000088d00000, 0x0000000088d00000, 0x0000000088e00000|  0%| F|  |TAMS 0x0000000088d00000| PB 0x0000000088d00000| Untracked 
| 142|0x0000000088e00000, 0x0000000088f00000, 0x0000000088f00000|100%| O|  |TAMS 0x0000000088e00000| PB 0x0000000088e00000| Untracked 
| 143|0x0000000088f00000, 0x0000000089000000, 0x0000000089000000|100%| O|  |TAMS 0x0000000088f00000| PB 0x0000000088f00000| Untracked 
| 144|0x0000000089000000, 0x0000000089100000, 0x0000000089100000|100%|HS|  |TAMS 0x0000000089000000| PB 0x0000000089000000| Complete 
| 145|0x0000000089100000, 0x0000000089200000, 0x0000000089200000|100%| O|  |TAMS 0x0000000089100000| PB 0x0000000089100000| Untracked 
| 146|0x0000000089200000, 0x0000000089300000, 0x0000000089300000|100%| O|Cm|TAMS 0x0000000089200000| PB 0x0000000089200000| Complete 
| 147|0x0000000089300000, 0x0000000089400000, 0x0000000089400000|100%| O|  |TAMS 0x0000000089300000| PB 0x0000000089300000| Untracked 
| 148|0x0000000089400000, 0x0000000089500000, 0x0000000089500000|100%| O|  |TAMS 0x0000000089400000| PB 0x0000000089400000| Untracked 
| 149|0x0000000089500000, 0x0000000089600000, 0x0000000089600000|100%| O|  |TAMS 0x0000000089500000| PB 0x0000000089500000| Untracked 
| 150|0x0000000089600000, 0x0000000089700000, 0x0000000089700000|100%| O|Cm|TAMS 0x0000000089600000| PB 0x0000000089600000| Complete 
| 151|0x0000000089700000, 0x0000000089800000, 0x0000000089800000|100%|HS|  |TAMS 0x0000000089700000| PB 0x0000000089700000| Complete 
| 152|0x0000000089800000, 0x0000000089900000, 0x0000000089900000|100%| O|  |TAMS 0x0000000089800000| PB 0x0000000089800000| Untracked 
| 153|0x0000000089900000, 0x0000000089a00000, 0x0000000089a00000|100%| O|  |TAMS 0x0000000089900000| PB 0x0000000089900000| Untracked 
| 154|0x0000000089a00000, 0x0000000089b00000, 0x0000000089b00000|100%| O|  |TAMS 0x0000000089a00000| PB 0x0000000089a00000| Untracked 
| 155|0x0000000089b00000, 0x0000000089c00000, 0x0000000089c00000|100%| O|  |TAMS 0x0000000089b00000| PB 0x0000000089b00000| Untracked 
| 156|0x0000000089c00000, 0x0000000089d00000, 0x0000000089d00000|100%| O|  |TAMS 0x0000000089c00000| PB 0x0000000089c00000| Untracked 
| 157|0x0000000089d00000, 0x0000000089e00000, 0x0000000089e00000|100%| O|Cm|TAMS 0x0000000089d00000| PB 0x0000000089d00000| Complete 
| 158|0x0000000089e00000, 0x0000000089f00000, 0x0000000089f00000|100%| O|Cm|TAMS 0x0000000089e00000| PB 0x0000000089e00000| Complete 
| 159|0x0000000089f00000, 0x000000008a000000, 0x000000008a000000|100%| O|  |TAMS 0x0000000089f00000| PB 0x0000000089f00000| Untracked 
| 160|0x000000008a000000, 0x000000008a100000, 0x000000008a100000|100%|HS|  |TAMS 0x000000008a000000| PB 0x000000008a000000| Complete 
| 161|0x000000008a100000, 0x000000008a200000, 0x000000008a200000|100%|HC|  |TAMS 0x000000008a100000| PB 0x000000008a100000| Complete 
| 162|0x000000008a200000, 0x000000008a300000, 0x000000008a300000|100%| O|  |TAMS 0x000000008a200000| PB 0x000000008a200000| Untracked 
| 163|0x000000008a300000, 0x000000008a400000, 0x000000008a400000|100%| O|Cm|TAMS 0x000000008a300000| PB 0x000000008a300000| Complete 
| 164|0x000000008a400000, 0x000000008a500000, 0x000000008a500000|100%| O|  |TAMS 0x000000008a400000| PB 0x000000008a400000| Untracked 
| 165|0x000000008a500000, 0x000000008a500000, 0x000000008a600000|  0%| F|  |TAMS 0x000000008a500000| PB 0x000000008a500000| Untracked 
| 166|0x000000008a600000, 0x000000008a700000, 0x000000008a700000|100%| O|  |TAMS 0x000000008a600000| PB 0x000000008a600000| Untracked 
| 167|0x000000008a700000, 0x000000008a800000, 0x000000008a800000|100%| O|  |TAMS 0x000000008a700000| PB 0x000000008a700000| Untracked 
| 168|0x000000008a800000, 0x000000008a900000, 0x000000008a900000|100%| O|  |TAMS 0x000000008a800000| PB 0x000000008a800000| Untracked 
| 169|0x000000008a900000, 0x000000008aa00000, 0x000000008aa00000|100%| O|  |TAMS 0x000000008a900000| PB 0x000000008a900000| Untracked 
| 170|0x000000008aa00000, 0x000000008ab00000, 0x000000008ab00000|100%| O|  |TAMS 0x000000008aa00000| PB 0x000000008aa00000| Untracked 
| 171|0x000000008ab00000, 0x000000008ac00000, 0x000000008ac00000|100%| O|Cm|TAMS 0x000000008ab00000| PB 0x000000008ab00000| Complete 
| 172|0x000000008ac00000, 0x000000008ad00000, 0x000000008ad00000|100%| O|  |TAMS 0x000000008ac00000| PB 0x000000008ac00000| Untracked 
| 173|0x000000008ad00000, 0x000000008ae00000, 0x000000008ae00000|100%| O|  |TAMS 0x000000008ad00000| PB 0x000000008ad00000| Untracked 
| 174|0x000000008ae00000, 0x000000008ae00000, 0x000000008af00000|  0%| F|  |TAMS 0x000000008ae00000| PB 0x000000008ae00000| Untracked 
| 175|0x000000008af00000, 0x000000008b000000, 0x000000008b000000|100%|HS|  |TAMS 0x000000008af00000| PB 0x000000008af00000| Complete 
| 176|0x000000008b000000, 0x000000008b100000, 0x000000008b100000|100%|HS|  |TAMS 0x000000008b000000| PB 0x000000008b000000| Complete 
| 177|0x000000008b100000, 0x000000008b200000, 0x000000008b200000|100%| O|  |TAMS 0x000000008b100000| PB 0x000000008b100000| Untracked 
| 178|0x000000008b200000, 0x000000008b300000, 0x000000008b300000|100%| O|  |TAMS 0x000000008b200000| PB 0x000000008b200000| Untracked 
| 179|0x000000008b300000, 0x000000008b400000, 0x000000008b400000|100%| O|  |TAMS 0x000000008b300000| PB 0x000000008b300000| Untracked 
| 180|0x000000008b400000, 0x000000008b500000, 0x000000008b500000|100%|HS|  |TAMS 0x000000008b400000| PB 0x000000008b400000| Complete 
| 181|0x000000008b500000, 0x000000008b600000, 0x000000008b600000|100%| O|  |TAMS 0x000000008b500000| PB 0x000000008b500000| Untracked 
| 182|0x000000008b600000, 0x000000008b700000, 0x000000008b700000|100%|HS|  |TAMS 0x000000008b600000| PB 0x000000008b600000| Complete 
| 183|0x000000008b700000, 0x000000008b800000, 0x000000008b800000|100%|HC|  |TAMS 0x000000008b700000| PB 0x000000008b700000| Complete 
| 184|0x000000008b800000, 0x000000008b900000, 0x000000008b900000|100%| O|Cm|TAMS 0x000000008b800000| PB 0x000000008b800000| Complete 
| 185|0x000000008b900000, 0x000000008ba00000, 0x000000008ba00000|100%| O|  |TAMS 0x000000008b900000| PB 0x000000008b900000| Untracked 
| 186|0x000000008ba00000, 0x000000008bb00000, 0x000000008bb00000|100%| O|Cm|TAMS 0x000000008ba00000| PB 0x000000008ba00000| Complete 
| 187|0x000000008bb00000, 0x000000008bc00000, 0x000000008bc00000|100%| O|  |TAMS 0x000000008bb00000| PB 0x000000008bb00000| Untracked 
| 188|0x000000008bc00000, 0x000000008bd00000, 0x000000008bd00000|100%| O|Cm|TAMS 0x000000008bc00000| PB 0x000000008bc00000| Complete 
| 189|0x000000008bd00000, 0x000000008be00000, 0x000000008be00000|100%| O|  |TAMS 0x000000008bd00000| PB 0x000000008bd00000| Untracked 
| 190|0x000000008be00000, 0x000000008bf00000, 0x000000008bf00000|100%| O|  |TAMS 0x000000008be00000| PB 0x000000008be00000| Untracked 
| 191|0x000000008bf00000, 0x000000008c000000, 0x000000008c000000|100%| O|  |TAMS 0x000000008bf00000| PB 0x000000008bf00000| Untracked 
| 192|0x000000008c000000, 0x000000008c100000, 0x000000008c100000|100%| O|  |TAMS 0x000000008c000000| PB 0x000000008c000000| Untracked 
| 193|0x000000008c100000, 0x000000008c200000, 0x000000008c200000|100%| O|  |TAMS 0x000000008c100000| PB 0x000000008c100000| Untracked 
| 194|0x000000008c200000, 0x000000008c300000, 0x000000008c300000|100%| O|  |TAMS 0x000000008c200000| PB 0x000000008c200000| Untracked 
| 195|0x000000008c300000, 0x000000008c400000, 0x000000008c400000|100%| O|  |TAMS 0x000000008c300000| PB 0x000000008c300000| Untracked 
| 196|0x000000008c400000, 0x000000008c500000, 0x000000008c500000|100%| O|  |TAMS 0x000000008c400000| PB 0x000000008c400000| Untracked 
| 197|0x000000008c500000, 0x000000008c600000, 0x000000008c600000|100%| O|  |TAMS 0x000000008c500000| PB 0x000000008c500000| Untracked 
| 198|0x000000008c600000, 0x000000008c700000, 0x000000008c700000|100%| O|  |TAMS 0x000000008c600000| PB 0x000000008c600000| Untracked 
| 199|0x000000008c700000, 0x000000008c800000, 0x000000008c800000|100%| O|  |TAMS 0x000000008c700000| PB 0x000000008c700000| Untracked 
| 200|0x000000008c800000, 0x000000008c900000, 0x000000008c900000|100%| O|  |TAMS 0x000000008c800000| PB 0x000000008c800000| Untracked 
| 201|0x000000008c900000, 0x000000008ca00000, 0x000000008ca00000|100%| O|  |TAMS 0x000000008c900000| PB 0x000000008c900000| Untracked 
| 202|0x000000008ca00000, 0x000000008cb00000, 0x000000008cb00000|100%| O|  |TAMS 0x000000008ca00000| PB 0x000000008ca00000| Untracked 
| 203|0x000000008cb00000, 0x000000008cc00000, 0x000000008cc00000|100%| O|  |TAMS 0x000000008cb00000| PB 0x000000008cb00000| Untracked 
| 204|0x000000008cc00000, 0x000000008cd00000, 0x000000008cd00000|100%| O|  |TAMS 0x000000008cc00000| PB 0x000000008cc00000| Untracked 
| 205|0x000000008cd00000, 0x000000008ce00000, 0x000000008ce00000|100%| O|  |TAMS 0x000000008cd00000| PB 0x000000008cd00000| Untracked 
| 206|0x000000008ce00000, 0x000000008cf00000, 0x000000008cf00000|100%| O|  |TAMS 0x000000008ce00000| PB 0x000000008ce00000| Untracked 
| 207|0x000000008cf00000, 0x000000008d000000, 0x000000008d000000|100%| O|  |TAMS 0x000000008cf00000| PB 0x000000008cf00000| Untracked 
| 208|0x000000008d000000, 0x000000008d100000, 0x000000008d100000|100%| O|  |TAMS 0x000000008d000000| PB 0x000000008d000000| Untracked 
| 209|0x000000008d100000, 0x000000008d200000, 0x000000008d200000|100%| O|  |TAMS 0x000000008d100000| PB 0x000000008d100000| Untracked 
| 210|0x000000008d200000, 0x000000008d300000, 0x000000008d300000|100%| O|  |TAMS 0x000000008d200000| PB 0x000000008d200000| Untracked 
| 211|0x000000008d300000, 0x000000008d400000, 0x000000008d400000|100%| O|  |TAMS 0x000000008d300000| PB 0x000000008d300000| Untracked 
| 212|0x000000008d400000, 0x000000008d500000, 0x000000008d500000|100%| O|  |TAMS 0x000000008d400000| PB 0x000000008d400000| Untracked 
| 213|0x000000008d500000, 0x000000008d600000, 0x000000008d600000|100%| O|  |TAMS 0x000000008d500000| PB 0x000000008d500000| Untracked 
| 214|0x000000008d600000, 0x000000008d700000, 0x000000008d700000|100%|HS|  |TAMS 0x000000008d600000| PB 0x000000008d600000| Complete 
| 215|0x000000008d700000, 0x000000008d800000, 0x000000008d800000|100%|HC|  |TAMS 0x000000008d700000| PB 0x000000008d700000| Complete 
| 216|0x000000008d800000, 0x000000008d900000, 0x000000008d900000|100%| O|  |TAMS 0x000000008d800000| PB 0x000000008d800000| Untracked 
| 217|0x000000008d900000, 0x000000008da00000, 0x000000008da00000|100%| O|  |TAMS 0x000000008d900000| PB 0x000000008d900000| Untracked 
| 218|0x000000008da00000, 0x000000008db00000, 0x000000008db00000|100%| O|  |TAMS 0x000000008da00000| PB 0x000000008da00000| Untracked 
| 219|0x000000008db00000, 0x000000008dc00000, 0x000000008dc00000|100%| O|  |TAMS 0x000000008db00000| PB 0x000000008db00000| Untracked 
| 220|0x000000008dc00000, 0x000000008dd00000, 0x000000008dd00000|100%| O|  |TAMS 0x000000008dc00000| PB 0x000000008dc00000| Untracked 
| 221|0x000000008dd00000, 0x000000008de00000, 0x000000008de00000|100%| O|  |TAMS 0x000000008dd00000| PB 0x000000008dd00000| Untracked 
| 222|0x000000008de00000, 0x000000008df00000, 0x000000008df00000|100%| O|  |TAMS 0x000000008de00000| PB 0x000000008de00000| Untracked 
| 223|0x000000008df00000, 0x000000008e000000, 0x000000008e000000|100%| O|  |TAMS 0x000000008df00000| PB 0x000000008df00000| Untracked 
| 224|0x000000008e000000, 0x000000008e100000, 0x000000008e100000|100%| O|  |TAMS 0x000000008e000000| PB 0x000000008e000000| Untracked 
| 225|0x000000008e100000, 0x000000008e200000, 0x000000008e200000|100%| O|  |TAMS 0x000000008e100000| PB 0x000000008e100000| Untracked 
| 226|0x000000008e200000, 0x000000008e300000, 0x000000008e300000|100%| O|  |TAMS 0x000000008e200000| PB 0x000000008e200000| Untracked 
| 227|0x000000008e300000, 0x000000008e400000, 0x000000008e400000|100%| O|  |TAMS 0x000000008e300000| PB 0x000000008e300000| Untracked 
| 228|0x000000008e400000, 0x000000008e500000, 0x000000008e500000|100%| O|  |TAMS 0x000000008e400000| PB 0x000000008e400000| Untracked 
| 229|0x000000008e500000, 0x000000008e600000, 0x000000008e600000|100%| O|  |TAMS 0x000000008e500000| PB 0x000000008e500000| Untracked 
| 230|0x000000008e600000, 0x000000008e700000, 0x000000008e700000|100%| O|  |TAMS 0x000000008e600000| PB 0x000000008e600000| Untracked 
| 231|0x000000008e700000, 0x000000008e800000, 0x000000008e800000|100%| O|Cm|TAMS 0x000000008e700000| PB 0x000000008e700000| Complete 
| 232|0x000000008e800000, 0x000000008e900000, 0x000000008e900000|100%| O|Cm|TAMS 0x000000008e800000| PB 0x000000008e800000| Complete 
| 233|0x000000008e900000, 0x000000008ea00000, 0x000000008ea00000|100%| O|  |TAMS 0x000000008e900000| PB 0x000000008e900000| Untracked 
| 234|0x000000008ea00000, 0x000000008eb00000, 0x000000008eb00000|100%| O|  |TAMS 0x000000008ea00000| PB 0x000000008ea00000| Untracked 
| 235|0x000000008eb00000, 0x000000008ec00000, 0x000000008ec00000|100%| O|  |TAMS 0x000000008eb00000| PB 0x000000008eb00000| Untracked 
| 236|0x000000008ec00000, 0x000000008ed00000, 0x000000008ed00000|100%| O|  |TAMS 0x000000008ec00000| PB 0x000000008ec00000| Untracked 
| 237|0x000000008ed00000, 0x000000008ee00000, 0x000000008ee00000|100%| O|  |TAMS 0x000000008ed00000| PB 0x000000008ed00000| Untracked 
| 238|0x000000008ee00000, 0x000000008ef00000, 0x000000008ef00000|100%| O|  |TAMS 0x000000008ee00000| PB 0x000000008ee00000| Untracked 
| 239|0x000000008ef00000, 0x000000008f000000, 0x000000008f000000|100%| O|  |TAMS 0x000000008ef00000| PB 0x000000008ef00000| Untracked 
| 240|0x000000008f000000, 0x000000008f100000, 0x000000008f100000|100%| O|  |TAMS 0x000000008f000000| PB 0x000000008f000000| Untracked 
| 241|0x000000008f100000, 0x000000008f200000, 0x000000008f200000|100%| O|  |TAMS 0x000000008f100000| PB 0x000000008f100000| Untracked 
| 242|0x000000008f200000, 0x000000008f300000, 0x000000008f300000|100%| O|  |TAMS 0x000000008f200000| PB 0x000000008f200000| Untracked 
| 243|0x000000008f300000, 0x000000008f400000, 0x000000008f400000|100%| O|  |TAMS 0x000000008f300000| PB 0x000000008f300000| Untracked 
| 244|0x000000008f400000, 0x000000008f500000, 0x000000008f500000|100%| O|  |TAMS 0x000000008f400000| PB 0x000000008f400000| Untracked 
| 245|0x000000008f500000, 0x000000008f600000, 0x000000008f600000|100%| O|  |TAMS 0x000000008f500000| PB 0x000000008f500000| Untracked 
| 246|0x000000008f600000, 0x000000008f700000, 0x000000008f700000|100%| O|  |TAMS 0x000000008f600000| PB 0x000000008f600000| Untracked 
| 247|0x000000008f700000, 0x000000008f800000, 0x000000008f800000|100%| O|  |TAMS 0x000000008f700000| PB 0x000000008f700000| Untracked 
| 248|0x000000008f800000, 0x000000008f900000, 0x000000008f900000|100%| O|  |TAMS 0x000000008f800000| PB 0x000000008f800000| Untracked 
| 249|0x000000008f900000, 0x000000008fa00000, 0x000000008fa00000|100%| O|  |TAMS 0x000000008f900000| PB 0x000000008f900000| Untracked 
| 250|0x000000008fa00000, 0x000000008fb00000, 0x000000008fb00000|100%| O|  |TAMS 0x000000008fa00000| PB 0x000000008fa00000| Untracked 
| 251|0x000000008fb00000, 0x000000008fc00000, 0x000000008fc00000|100%| O|  |TAMS 0x000000008fb00000| PB 0x000000008fb00000| Untracked 
| 252|0x000000008fc00000, 0x000000008fd00000, 0x000000008fd00000|100%| O|  |TAMS 0x000000008fc00000| PB 0x000000008fc00000| Untracked 
| 253|0x000000008fd00000, 0x000000008fe00000, 0x000000008fe00000|100%| O|  |TAMS 0x000000008fd00000| PB 0x000000008fd00000| Untracked 
| 254|0x000000008fe00000, 0x000000008ff00000, 0x000000008ff00000|100%| O|  |TAMS 0x000000008fe00000| PB 0x000000008fe00000| Untracked 
| 255|0x000000008ff00000, 0x0000000090000000, 0x0000000090000000|100%| O|  |TAMS 0x000000008ff00000| PB 0x000000008ff00000| Untracked 
| 256|0x0000000090000000, 0x0000000090100000, 0x0000000090100000|100%| O|  |TAMS 0x0000000090000000| PB 0x0000000090000000| Untracked 
| 257|0x0000000090100000, 0x0000000090200000, 0x0000000090200000|100%| O|  |TAMS 0x0000000090100000| PB 0x0000000090100000| Untracked 
| 258|0x0000000090200000, 0x0000000090200000, 0x0000000090300000|  0%| F|  |TAMS 0x0000000090200000| PB 0x0000000090200000| Untracked 
| 259|0x0000000090300000, 0x0000000090300000, 0x0000000090400000|  0%| F|  |TAMS 0x0000000090300000| PB 0x0000000090300000| Untracked 
| 260|0x0000000090400000, 0x0000000090400000, 0x0000000090500000|  0%| F|  |TAMS 0x0000000090400000| PB 0x0000000090400000| Untracked 
| 261|0x0000000090500000, 0x0000000090500000, 0x0000000090600000|  0%| F|  |TAMS 0x0000000090500000| PB 0x0000000090500000| Untracked 
| 262|0x0000000090600000, 0x0000000090600000, 0x0000000090700000|  0%| F|  |TAMS 0x0000000090600000| PB 0x0000000090600000| Untracked 
| 263|0x0000000090700000, 0x0000000090700000, 0x0000000090800000|  0%| F|  |TAMS 0x0000000090700000| PB 0x0000000090700000| Untracked 
| 264|0x0000000090800000, 0x0000000090800000, 0x0000000090900000|  0%| F|  |TAMS 0x0000000090800000| PB 0x0000000090800000| Untracked 
| 265|0x0000000090900000, 0x0000000090900000, 0x0000000090a00000|  0%| F|  |TAMS 0x0000000090900000| PB 0x0000000090900000| Untracked 
| 266|0x0000000090a00000, 0x0000000090a00000, 0x0000000090b00000|  0%| F|  |TAMS 0x0000000090a00000| PB 0x0000000090a00000| Untracked 
| 267|0x0000000090b00000, 0x0000000090b00000, 0x0000000090c00000|  0%| F|  |TAMS 0x0000000090b00000| PB 0x0000000090b00000| Untracked 
| 268|0x0000000090c00000, 0x0000000090c00000, 0x0000000090d00000|  0%| F|  |TAMS 0x0000000090c00000| PB 0x0000000090c00000| Untracked 
| 269|0x0000000090d00000, 0x0000000090d00000, 0x0000000090e00000|  0%| F|  |TAMS 0x0000000090d00000| PB 0x0000000090d00000| Untracked 
| 270|0x0000000090e00000, 0x0000000090e00000, 0x0000000090f00000|  0%| F|  |TAMS 0x0000000090e00000| PB 0x0000000090e00000| Untracked 
| 271|0x0000000090f00000, 0x0000000090f00000, 0x0000000091000000|  0%| F|  |TAMS 0x0000000090f00000| PB 0x0000000090f00000| Untracked 
| 272|0x0000000091000000, 0x0000000091000000, 0x0000000091100000|  0%| F|  |TAMS 0x0000000091000000| PB 0x0000000091000000| Untracked 
| 273|0x0000000091100000, 0x0000000091100000, 0x0000000091200000|  0%| F|  |TAMS 0x0000000091100000| PB 0x0000000091100000| Untracked 
| 274|0x0000000091200000, 0x0000000091200000, 0x0000000091300000|  0%| F|  |TAMS 0x0000000091200000| PB 0x0000000091200000| Untracked 
| 275|0x0000000091300000, 0x0000000091300000, 0x0000000091400000|  0%| F|  |TAMS 0x0000000091300000| PB 0x0000000091300000| Untracked 
| 276|0x0000000091400000, 0x0000000091500000, 0x0000000091500000|100%| O|  |TAMS 0x0000000091400000| PB 0x0000000091400000| Untracked 
| 277|0x0000000091500000, 0x0000000091600000, 0x0000000091600000|100%| O|  |TAMS 0x0000000091500000| PB 0x0000000091500000| Untracked 
| 278|0x0000000091600000, 0x0000000091700000, 0x0000000091700000|100%| O|  |TAMS 0x0000000091600000| PB 0x0000000091600000| Untracked 
| 279|0x0000000091700000, 0x0000000091800000, 0x0000000091800000|100%| O|  |TAMS 0x0000000091700000| PB 0x0000000091700000| Untracked 
| 280|0x0000000091800000, 0x0000000091900000, 0x0000000091900000|100%| O|  |TAMS 0x0000000091800000| PB 0x0000000091800000| Untracked 
| 281|0x0000000091900000, 0x0000000091a00000, 0x0000000091a00000|100%| O|  |TAMS 0x0000000091900000| PB 0x0000000091900000| Untracked 
| 282|0x0000000091a00000, 0x0000000091b00000, 0x0000000091b00000|100%| O|  |TAMS 0x0000000091a00000| PB 0x0000000091a00000| Untracked 
| 283|0x0000000091b00000, 0x0000000091c00000, 0x0000000091c00000|100%| O|  |TAMS 0x0000000091b00000| PB 0x0000000091b00000| Untracked 
| 284|0x0000000091c00000, 0x0000000091d00000, 0x0000000091d00000|100%| O|  |TAMS 0x0000000091c00000| PB 0x0000000091c00000| Untracked 
| 285|0x0000000091d00000, 0x0000000091e00000, 0x0000000091e00000|100%| O|  |TAMS 0x0000000091d00000| PB 0x0000000091d00000| Untracked 
| 286|0x0000000091e00000, 0x0000000091f00000, 0x0000000091f00000|100%| O|  |TAMS 0x0000000091e00000| PB 0x0000000091e00000| Untracked 
| 287|0x0000000091f00000, 0x0000000092000000, 0x0000000092000000|100%| O|  |TAMS 0x0000000091f00000| PB 0x0000000091f00000| Untracked 
| 288|0x0000000092000000, 0x0000000092100000, 0x0000000092100000|100%| O|  |TAMS 0x0000000092000000| PB 0x0000000092000000| Untracked 
| 289|0x0000000092100000, 0x0000000092200000, 0x0000000092200000|100%| O|  |TAMS 0x0000000092100000| PB 0x0000000092100000| Untracked 
| 290|0x0000000092200000, 0x0000000092200000, 0x0000000092300000|  0%| F|  |TAMS 0x0000000092200000| PB 0x0000000092200000| Untracked 
| 291|0x0000000092300000, 0x0000000092300000, 0x0000000092400000|  0%| F|  |TAMS 0x0000000092300000| PB 0x0000000092300000| Untracked 
| 292|0x0000000092400000, 0x0000000092400000, 0x0000000092500000|  0%| F|  |TAMS 0x0000000092400000| PB 0x0000000092400000| Untracked 
| 293|0x0000000092500000, 0x0000000092500000, 0x0000000092600000|  0%| F|  |TAMS 0x0000000092500000| PB 0x0000000092500000| Untracked 
| 294|0x0000000092600000, 0x0000000092600000, 0x0000000092700000|  0%| F|  |TAMS 0x0000000092600000| PB 0x0000000092600000| Untracked 
| 295|0x0000000092700000, 0x0000000092700000, 0x0000000092800000|  0%| F|  |TAMS 0x0000000092700000| PB 0x0000000092700000| Untracked 
| 296|0x0000000092800000, 0x0000000092800000, 0x0000000092900000|  0%| F|  |TAMS 0x0000000092800000| PB 0x0000000092800000| Untracked 
| 297|0x0000000092900000, 0x0000000092900000, 0x0000000092a00000|  0%| F|  |TAMS 0x0000000092900000| PB 0x0000000092900000| Untracked 
| 298|0x0000000092a00000, 0x0000000092a00000, 0x0000000092b00000|  0%| F|  |TAMS 0x0000000092a00000| PB 0x0000000092a00000| Untracked 
| 299|0x0000000092b00000, 0x0000000092b00000, 0x0000000092c00000|  0%| F|  |TAMS 0x0000000092b00000| PB 0x0000000092b00000| Untracked 
| 300|0x0000000092c00000, 0x0000000092c00000, 0x0000000092d00000|  0%| F|  |TAMS 0x0000000092c00000| PB 0x0000000092c00000| Untracked 
| 301|0x0000000092d00000, 0x0000000092d00000, 0x0000000092e00000|  0%| F|  |TAMS 0x0000000092d00000| PB 0x0000000092d00000| Untracked 
| 302|0x0000000092e00000, 0x0000000092e00000, 0x0000000092f00000|  0%| F|  |TAMS 0x0000000092e00000| PB 0x0000000092e00000| Untracked 
| 303|0x0000000092f00000, 0x0000000092f00000, 0x0000000093000000|  0%| F|  |TAMS 0x0000000092f00000| PB 0x0000000092f00000| Untracked 
| 304|0x0000000093000000, 0x0000000093000000, 0x0000000093100000|  0%| F|  |TAMS 0x0000000093000000| PB 0x0000000093000000| Untracked 
| 305|0x0000000093100000, 0x0000000093100000, 0x0000000093200000|  0%| F|  |TAMS 0x0000000093100000| PB 0x0000000093100000| Untracked 
| 306|0x0000000093200000, 0x0000000093200000, 0x0000000093300000|  0%| F|  |TAMS 0x0000000093200000| PB 0x0000000093200000| Untracked 
| 307|0x0000000093300000, 0x0000000093300000, 0x0000000093400000|  0%| F|  |TAMS 0x0000000093300000| PB 0x0000000093300000| Untracked 
| 308|0x0000000093400000, 0x0000000093400000, 0x0000000093500000|  0%| F|  |TAMS 0x0000000093400000| PB 0x0000000093400000| Untracked 
| 309|0x0000000093500000, 0x0000000093500000, 0x0000000093600000|  0%| F|  |TAMS 0x0000000093500000| PB 0x0000000093500000| Untracked 
| 310|0x0000000093600000, 0x0000000093600000, 0x0000000093700000|  0%| F|  |TAMS 0x0000000093600000| PB 0x0000000093600000| Untracked 
| 311|0x0000000093700000, 0x0000000093700000, 0x0000000093800000|  0%| F|  |TAMS 0x0000000093700000| PB 0x0000000093700000| Untracked 
| 312|0x0000000093800000, 0x0000000093800000, 0x0000000093900000|  0%| F|  |TAMS 0x0000000093800000| PB 0x0000000093800000| Untracked 
| 313|0x0000000093900000, 0x0000000093900000, 0x0000000093a00000|  0%| F|  |TAMS 0x0000000093900000| PB 0x0000000093900000| Untracked 
| 314|0x0000000093a00000, 0x0000000093a00000, 0x0000000093b00000|  0%| F|  |TAMS 0x0000000093a00000| PB 0x0000000093a00000| Untracked 
| 315|0x0000000093b00000, 0x0000000093b00000, 0x0000000093c00000|  0%| F|  |TAMS 0x0000000093b00000| PB 0x0000000093b00000| Untracked 
| 316|0x0000000093c00000, 0x0000000093c00000, 0x0000000093d00000|  0%| F|  |TAMS 0x0000000093c00000| PB 0x0000000093c00000| Untracked 
| 317|0x0000000093d00000, 0x0000000093d00000, 0x0000000093e00000|  0%| F|  |TAMS 0x0000000093d00000| PB 0x0000000093d00000| Untracked 
| 318|0x0000000093e00000, 0x0000000093e00000, 0x0000000093f00000|  0%| F|  |TAMS 0x0000000093e00000| PB 0x0000000093e00000| Untracked 
| 319|0x0000000093f00000, 0x0000000093f00000, 0x0000000094000000|  0%| F|  |TAMS 0x0000000093f00000| PB 0x0000000093f00000| Untracked 
| 320|0x0000000094000000, 0x0000000094000000, 0x0000000094100000|  0%| F|  |TAMS 0x0000000094000000| PB 0x0000000094000000| Untracked 
| 321|0x0000000094100000, 0x0000000094100000, 0x0000000094200000|  0%| F|  |TAMS 0x0000000094100000| PB 0x0000000094100000| Untracked 
| 322|0x0000000094200000, 0x0000000094200000, 0x0000000094300000|  0%| F|  |TAMS 0x0000000094200000| PB 0x0000000094200000| Untracked 
| 323|0x0000000094300000, 0x0000000094300000, 0x0000000094400000|  0%| F|  |TAMS 0x0000000094300000| PB 0x0000000094300000| Untracked 
| 324|0x0000000094400000, 0x0000000094400000, 0x0000000094500000|  0%| F|  |TAMS 0x0000000094400000| PB 0x0000000094400000| Untracked 
| 325|0x0000000094500000, 0x0000000094500000, 0x0000000094600000|  0%| F|  |TAMS 0x0000000094500000| PB 0x0000000094500000| Untracked 
| 326|0x0000000094600000, 0x0000000094600000, 0x0000000094700000|  0%| F|  |TAMS 0x0000000094600000| PB 0x0000000094600000| Untracked 
| 327|0x0000000094700000, 0x0000000094700000, 0x0000000094800000|  0%| F|  |TAMS 0x0000000094700000| PB 0x0000000094700000| Untracked 
| 328|0x0000000094800000, 0x0000000094800000, 0x0000000094900000|  0%| F|  |TAMS 0x0000000094800000| PB 0x0000000094800000| Untracked 
| 329|0x0000000094900000, 0x0000000094900000, 0x0000000094a00000|  0%| F|  |TAMS 0x0000000094900000| PB 0x0000000094900000| Untracked 
| 330|0x0000000094a00000, 0x0000000094a00000, 0x0000000094b00000|  0%| F|  |TAMS 0x0000000094a00000| PB 0x0000000094a00000| Untracked 
| 331|0x0000000094b00000, 0x0000000094b00000, 0x0000000094c00000|  0%| F|  |TAMS 0x0000000094b00000| PB 0x0000000094b00000| Untracked 
| 332|0x0000000094c00000, 0x0000000094c00000, 0x0000000094d00000|  0%| F|  |TAMS 0x0000000094c00000| PB 0x0000000094c00000| Untracked 
| 333|0x0000000094d00000, 0x0000000094d00000, 0x0000000094e00000|  0%| F|  |TAMS 0x0000000094d00000| PB 0x0000000094d00000| Untracked 
| 334|0x0000000094e00000, 0x0000000094e00000, 0x0000000094f00000|  0%| F|  |TAMS 0x0000000094e00000| PB 0x0000000094e00000| Untracked 
| 335|0x0000000094f00000, 0x0000000094f00000, 0x0000000095000000|  0%| F|  |TAMS 0x0000000094f00000| PB 0x0000000094f00000| Untracked 
| 336|0x0000000095000000, 0x0000000095000000, 0x0000000095100000|  0%| F|  |TAMS 0x0000000095000000| PB 0x0000000095000000| Untracked 
| 337|0x0000000095100000, 0x0000000095100000, 0x0000000095200000|  0%| F|  |TAMS 0x0000000095100000| PB 0x0000000095100000| Untracked 
| 338|0x0000000095200000, 0x0000000095200000, 0x0000000095300000|  0%| F|  |TAMS 0x0000000095200000| PB 0x0000000095200000| Untracked 
| 339|0x0000000095300000, 0x0000000095300000, 0x0000000095400000|  0%| F|  |TAMS 0x0000000095300000| PB 0x0000000095300000| Untracked 
| 340|0x0000000095400000, 0x0000000095400000, 0x0000000095500000|  0%| F|  |TAMS 0x0000000095400000| PB 0x0000000095400000| Untracked 
| 341|0x0000000095500000, 0x0000000095500000, 0x0000000095600000|  0%| F|  |TAMS 0x0000000095500000| PB 0x0000000095500000| Untracked 
| 342|0x0000000095600000, 0x0000000095600000, 0x0000000095700000|  0%| F|  |TAMS 0x0000000095600000| PB 0x0000000095600000| Untracked 
| 343|0x0000000095700000, 0x0000000095700000, 0x0000000095800000|  0%| F|  |TAMS 0x0000000095700000| PB 0x0000000095700000| Untracked 
| 344|0x0000000095800000, 0x0000000095800000, 0x0000000095900000|  0%| F|  |TAMS 0x0000000095800000| PB 0x0000000095800000| Untracked 
| 345|0x0000000095900000, 0x0000000095900000, 0x0000000095a00000|  0%| F|  |TAMS 0x0000000095900000| PB 0x0000000095900000| Untracked 
| 346|0x0000000095a00000, 0x0000000095a00000, 0x0000000095b00000|  0%| F|  |TAMS 0x0000000095a00000| PB 0x0000000095a00000| Untracked 
| 347|0x0000000095b00000, 0x0000000095b00000, 0x0000000095c00000|  0%| F|  |TAMS 0x0000000095b00000| PB 0x0000000095b00000| Untracked 
| 348|0x0000000095c00000, 0x0000000095c00000, 0x0000000095d00000|  0%| F|  |TAMS 0x0000000095c00000| PB 0x0000000095c00000| Untracked 
| 349|0x0000000095d00000, 0x0000000095d00000, 0x0000000095e00000|  0%| F|  |TAMS 0x0000000095d00000| PB 0x0000000095d00000| Untracked 
| 350|0x0000000095e00000, 0x0000000095e00000, 0x0000000095f00000|  0%| F|  |TAMS 0x0000000095e00000| PB 0x0000000095e00000| Untracked 
| 351|0x0000000095f00000, 0x0000000095f00000, 0x0000000096000000|  0%| F|  |TAMS 0x0000000095f00000| PB 0x0000000095f00000| Untracked 
| 352|0x0000000096000000, 0x0000000096000000, 0x0000000096100000|  0%| F|  |TAMS 0x0000000096000000| PB 0x0000000096000000| Untracked 
| 353|0x0000000096100000, 0x0000000096100000, 0x0000000096200000|  0%| F|  |TAMS 0x0000000096100000| PB 0x0000000096100000| Untracked 
| 354|0x0000000096200000, 0x0000000096200000, 0x0000000096300000|  0%| F|  |TAMS 0x0000000096200000| PB 0x0000000096200000| Untracked 
| 355|0x0000000096300000, 0x0000000096300000, 0x0000000096400000|  0%| F|  |TAMS 0x0000000096300000| PB 0x0000000096300000| Untracked 
| 356|0x0000000096400000, 0x0000000096400000, 0x0000000096500000|  0%| F|  |TAMS 0x0000000096400000| PB 0x0000000096400000| Untracked 
| 357|0x0000000096500000, 0x0000000096500000, 0x0000000096600000|  0%| F|  |TAMS 0x0000000096500000| PB 0x0000000096500000| Untracked 
| 358|0x0000000096600000, 0x0000000096600000, 0x0000000096700000|  0%| F|  |TAMS 0x0000000096600000| PB 0x0000000096600000| Untracked 
| 359|0x0000000096700000, 0x0000000096700000, 0x0000000096800000|  0%| F|  |TAMS 0x0000000096700000| PB 0x0000000096700000| Untracked 
| 360|0x0000000096800000, 0x0000000096800000, 0x0000000096900000|  0%| F|  |TAMS 0x0000000096800000| PB 0x0000000096800000| Untracked 
| 361|0x0000000096900000, 0x0000000096900000, 0x0000000096a00000|  0%| F|  |TAMS 0x0000000096900000| PB 0x0000000096900000| Untracked 
| 362|0x0000000096a00000, 0x0000000096a00000, 0x0000000096b00000|  0%| F|  |TAMS 0x0000000096a00000| PB 0x0000000096a00000| Untracked 
| 363|0x0000000096b00000, 0x0000000096b00000, 0x0000000096c00000|  0%| F|  |TAMS 0x0000000096b00000| PB 0x0000000096b00000| Untracked 
| 364|0x0000000096c00000, 0x0000000096c00000, 0x0000000096d00000|  0%| F|  |TAMS 0x0000000096c00000| PB 0x0000000096c00000| Untracked 
| 365|0x0000000096d00000, 0x0000000096d00000, 0x0000000096e00000|  0%| F|  |TAMS 0x0000000096d00000| PB 0x0000000096d00000| Untracked 
| 366|0x0000000096e00000, 0x0000000096e00000, 0x0000000096f00000|  0%| F|  |TAMS 0x0000000096e00000| PB 0x0000000096e00000| Untracked 
| 367|0x0000000096f00000, 0x0000000096f00000, 0x0000000097000000|  0%| F|  |TAMS 0x0000000096f00000| PB 0x0000000096f00000| Untracked 
| 368|0x0000000097000000, 0x0000000097000000, 0x0000000097100000|  0%| F|  |TAMS 0x0000000097000000| PB 0x0000000097000000| Untracked 
| 369|0x0000000097100000, 0x0000000097100000, 0x0000000097200000|  0%| F|  |TAMS 0x0000000097100000| PB 0x0000000097100000| Untracked 
| 370|0x0000000097200000, 0x0000000097200000, 0x0000000097300000|  0%| F|  |TAMS 0x0000000097200000| PB 0x0000000097200000| Untracked 
| 371|0x0000000097300000, 0x0000000097300000, 0x0000000097400000|  0%| F|  |TAMS 0x0000000097300000| PB 0x0000000097300000| Untracked 
| 372|0x0000000097400000, 0x0000000097400000, 0x0000000097500000|  0%| F|  |TAMS 0x0000000097400000| PB 0x0000000097400000| Untracked 
| 373|0x0000000097500000, 0x0000000097500000, 0x0000000097600000|  0%| F|  |TAMS 0x0000000097500000| PB 0x0000000097500000| Untracked 
| 374|0x0000000097600000, 0x0000000097600000, 0x0000000097700000|  0%| F|  |TAMS 0x0000000097600000| PB 0x0000000097600000| Untracked 
| 375|0x0000000097700000, 0x0000000097700000, 0x0000000097800000|  0%| F|  |TAMS 0x0000000097700000| PB 0x0000000097700000| Untracked 
| 376|0x0000000097800000, 0x0000000097800000, 0x0000000097900000|  0%| F|  |TAMS 0x0000000097800000| PB 0x0000000097800000| Untracked 
| 377|0x0000000097900000, 0x0000000097900000, 0x0000000097a00000|  0%| F|  |TAMS 0x0000000097900000| PB 0x0000000097900000| Untracked 
| 378|0x0000000097a00000, 0x0000000097a00000, 0x0000000097b00000|  0%| F|  |TAMS 0x0000000097a00000| PB 0x0000000097a00000| Untracked 
| 379|0x0000000097b00000, 0x0000000097b00000, 0x0000000097c00000|  0%| F|  |TAMS 0x0000000097b00000| PB 0x0000000097b00000| Untracked 
| 380|0x0000000097c00000, 0x0000000097c00000, 0x0000000097d00000|  0%| F|  |TAMS 0x0000000097c00000| PB 0x0000000097c00000| Untracked 
| 381|0x0000000097d00000, 0x0000000097d00000, 0x0000000097e00000|  0%| F|  |TAMS 0x0000000097d00000| PB 0x0000000097d00000| Untracked 
| 382|0x0000000097e00000, 0x0000000097e00000, 0x0000000097f00000|  0%| F|  |TAMS 0x0000000097e00000| PB 0x0000000097e00000| Untracked 
| 383|0x0000000097f00000, 0x0000000097f00000, 0x0000000098000000|  0%| F|  |TAMS 0x0000000097f00000| PB 0x0000000097f00000| Untracked 
|2010|0x00000000fda00000, 0x00000000fda00000, 0x00000000fdb00000|  0%| F|  |TAMS 0x00000000fda00000| PB 0x00000000fda00000| Untracked 
|2011|0x00000000fdb00000, 0x00000000fdb00000, 0x00000000fdc00000|  0%| F|  |TAMS 0x00000000fdb00000| PB 0x00000000fdb00000| Untracked 
|2012|0x00000000fdc00000, 0x00000000fdc00000, 0x00000000fdd00000|  0%| F|  |TAMS 0x00000000fdc00000| PB 0x00000000fdc00000| Untracked 
|2013|0x00000000fdd00000, 0x00000000fdd00000, 0x00000000fde00000|  0%| F|  |TAMS 0x00000000fdd00000| PB 0x00000000fdd00000| Untracked 
|2014|0x00000000fde00000, 0x00000000fde00000, 0x00000000fdf00000|  0%| F|  |TAMS 0x00000000fde00000| PB 0x00000000fde00000| Untracked 
|2015|0x00000000fdf00000, 0x00000000fdf00000, 0x00000000fe000000|  0%| F|  |TAMS 0x00000000fdf00000| PB 0x00000000fdf00000| Untracked 
|2016|0x00000000fe000000, 0x00000000fe000000, 0x00000000fe100000|  0%| F|  |TAMS 0x00000000fe000000| PB 0x00000000fe000000| Untracked 
|2017|0x00000000fe100000, 0x00000000fe100000, 0x00000000fe200000|  0%| F|  |TAMS 0x00000000fe100000| PB 0x00000000fe100000| Untracked 
|2018|0x00000000fe200000, 0x00000000fe200000, 0x00000000fe300000|  0%| F|  |TAMS 0x00000000fe200000| PB 0x00000000fe200000| Untracked 
|2019|0x00000000fe300000, 0x00000000fe300000, 0x00000000fe400000|  0%| F|  |TAMS 0x00000000fe300000| PB 0x00000000fe300000| Untracked 
|2020|0x00000000fe400000, 0x00000000fe400000, 0x00000000fe500000|  0%| F|  |TAMS 0x00000000fe400000| PB 0x00000000fe400000| Untracked 
|2021|0x00000000fe500000, 0x00000000fe500000, 0x00000000fe600000|  0%| F|  |TAMS 0x00000000fe500000| PB 0x00000000fe500000| Untracked 
|2022|0x00000000fe600000, 0x00000000fe600000, 0x00000000fe700000|  0%| F|  |TAMS 0x00000000fe600000| PB 0x00000000fe600000| Untracked 
|2023|0x00000000fe700000, 0x00000000fe700000, 0x00000000fe800000|  0%| F|  |TAMS 0x00000000fe700000| PB 0x00000000fe700000| Untracked 
|2024|0x00000000fe800000, 0x00000000fe800000, 0x00000000fe900000|  0%| F|  |TAMS 0x00000000fe800000| PB 0x00000000fe800000| Untracked 
|2025|0x00000000fe900000, 0x00000000fe900000, 0x00000000fea00000|  0%| F|  |TAMS 0x00000000fe900000| PB 0x00000000fe900000| Untracked 
|2026|0x00000000fea00000, 0x00000000fea00000, 0x00000000feb00000|  0%| F|  |TAMS 0x00000000fea00000| PB 0x00000000fea00000| Untracked 
|2027|0x00000000feb00000, 0x00000000feb00000, 0x00000000fec00000|  0%| F|  |TAMS 0x00000000feb00000| PB 0x00000000feb00000| Untracked 
|2028|0x00000000fec00000, 0x00000000fec00000, 0x00000000fed00000|  0%| F|  |TAMS 0x00000000fec00000| PB 0x00000000fec00000| Untracked 
|2029|0x00000000fed00000, 0x00000000fed00000, 0x00000000fee00000|  0%| F|  |TAMS 0x00000000fed00000| PB 0x00000000fed00000| Untracked 
|2030|0x00000000fee00000, 0x00000000fee00000, 0x00000000fef00000|  0%| F|  |TAMS 0x00000000fee00000| PB 0x00000000fee00000| Untracked 
|2031|0x00000000fef00000, 0x00000000fef00000, 0x00000000ff000000|  0%| F|  |TAMS 0x00000000fef00000| PB 0x00000000fef00000| Untracked 
|2032|0x00000000ff000000, 0x00000000ff000000, 0x00000000ff100000|  0%| F|  |TAMS 0x00000000ff000000| PB 0x00000000ff000000| Untracked 
|2033|0x00000000ff100000, 0x00000000ff100000, 0x00000000ff200000|  0%| F|  |TAMS 0x00000000ff100000| PB 0x00000000ff100000| Untracked 
|2034|0x00000000ff200000, 0x00000000ff200000, 0x00000000ff300000|  0%| F|  |TAMS 0x00000000ff200000| PB 0x00000000ff200000| Untracked 
|2035|0x00000000ff300000, 0x00000000ff300000, 0x00000000ff400000|  0%| F|  |TAMS 0x00000000ff300000| PB 0x00000000ff300000| Untracked 
|2036|0x00000000ff400000, 0x00000000ff500000, 0x00000000ff500000|100%| O|  |TAMS 0x00000000ff400000| PB 0x00000000ff400000| Untracked 
|2037|0x00000000ff500000, 0x00000000ff500000, 0x00000000ff600000|  0%| F|  |TAMS 0x00000000ff500000| PB 0x00000000ff500000| Untracked 
|2038|0x00000000ff600000, 0x00000000ff600000, 0x00000000ff700000|  0%| F|  |TAMS 0x00000000ff600000| PB 0x00000000ff600000| Untracked 
|2039|0x00000000ff700000, 0x00000000ff700000, 0x00000000ff800000|  0%| F|  |TAMS 0x00000000ff700000| PB 0x00000000ff700000| Untracked 
|2040|0x00000000ff800000, 0x00000000ff8c5060, 0x00000000ff900000| 76%| S|CS|TAMS 0x00000000ff800000| PB 0x00000000ff800000| Complete 
|2041|0x00000000ff900000, 0x00000000ffa00000, 0x00000000ffa00000|100%| S|CS|TAMS 0x00000000ff900000| PB 0x00000000ff900000| Complete 
|2042|0x00000000ffa00000, 0x00000000ffb00000, 0x00000000ffb00000|100%| S|CS|TAMS 0x00000000ffa00000| PB 0x00000000ffa00000| Complete 
|2043|0x00000000ffb00000, 0x00000000ffb00000, 0x00000000ffc00000|  0%| F|  |TAMS 0x00000000ffb00000| PB 0x00000000ffb00000| Untracked 
|2044|0x00000000ffc00000, 0x00000000ffc00000, 0x00000000ffd00000|  0%| F|  |TAMS 0x00000000ffc00000| PB 0x00000000ffc00000| Untracked 
|2045|0x00000000ffd00000, 0x00000000ffd00000, 0x00000000ffe00000|  0%| F|  |TAMS 0x00000000ffd00000| PB 0x00000000ffd00000| Untracked 
|2046|0x00000000ffe00000, 0x00000000fff00000, 0x00000000fff00000|100%| O|  |TAMS 0x00000000ffe00000| PB 0x00000000ffe00000| Untracked 
|2047|0x00000000fff00000, 0x0000000100000000, 0x0000000100000000|100%| O|  |TAMS 0x00000000fff00000| PB 0x00000000fff00000| Untracked 

Card table byte_map: [0x00000230ff530000,0x00000230ff930000] _byte_map_base: 0x00000230ff130000

Marking Bits: (CMBitMap*) 0x00000230f69b3b70
 Bits: [0x000002308f000000, 0x0000023091000000)

Polling page: 0x00000230f6120000

Metaspace:

Usage:
  Non-class:    166.25 MB used.
      Class:     24.00 MB used.
       Both:    190.26 MB used.

Virtual space:
  Non-class space:      192.00 MB reserved,     167.69 MB ( 87%) committed,  3 nodes.
      Class space:        1.00 GB reserved,      25.44 MB (  2%) committed,  1 nodes.
             Both:        1.19 GB reserved,     193.12 MB ( 16%) committed. 

Chunk freelists:
   Non-Class:  8.19 MB
       Class:  6.50 MB
        Both:  14.68 MB

MaxMetaspaceSize: unlimited
CompressedClassSpaceSize: 1.00 GB
Initial GC threshold: 21.00 MB
Current GC threshold: 321.06 MB
CDS: on
 - commit_granule_bytes: 65536.
 - commit_granule_words: 8192.
 - virtual_space_node_default_size: 8388608.
 - enlarge_chunks_in_place: 1.
 - use_allocation_guard: 0.


Internal statistics:

num_allocs_failed_limit: 3.
num_arena_births: 5088.
num_arena_deaths: 16.
num_vsnodes_births: 4.
num_vsnodes_deaths: 0.
num_space_committed: 3085.
num_space_uncommitted: 0.
num_chunks_returned_to_freelist: 28.
num_chunks_taken_from_freelist: 13197.
num_chunk_merges: 6.
num_chunk_splits: 9251.
num_chunks_enlarged: 6614.
num_inconsistent_stats: 0.

CodeHeap 'non-profiled nmethods': size=120000Kb used=12265Kb max_used=12345Kb free=107734Kb
 bounds [0x0000023087ad0000, 0x0000023088700000, 0x000002308f000000]
CodeHeap 'profiled nmethods': size=120000Kb used=41781Kb max_used=41781Kb free=78218Kb
 bounds [0x0000023080000000, 0x00000230828f0000, 0x0000023087530000]
CodeHeap 'non-nmethods': size=5760Kb used=2951Kb max_used=3014Kb free=2808Kb
 bounds [0x0000023087530000, 0x0000023087850000, 0x0000023087ad0000]
 total_blobs=18884 nmethods=17677 adapters=1108
 compilation: enabled
              stopped_count=0, restarted_count=0
 full_count=0

Compilation events (20 events):
Event: 850.323 Thread 0x00000230933a6ad0 nmethod 23848 0x00000230828dc590 code [0x00000230828dc900, 0x00000230828de158]
Event: 850.323 Thread 0x00000230933a6ad0 23849       3       org.jetbrains.kotlin.types.AbstractTypeChecker::checkSubtypeForIntegerLiteralType (103 bytes)
Event: 850.327 Thread 0x00000230933a6ad0 nmethod 23849 0x00000230828de510 code [0x00000230828ded40, 0x00000230828e3040]
Event: 850.327 Thread 0x00000230933a6ad0 23853       1       org.jetbrains.kotlin.fir.expressions.impl.FirLiteralExpressionImpl::getKind (5 bytes)
Event: 850.328 Thread 0x00000230933a6ad0 nmethod 23853 0x0000023087f29e90 code [0x0000023087f2a020, 0x0000023087f2a0e8]
Event: 850.836 Thread 0x00000230933a6ad0 23854       3       org.jetbrains.kotlin.fir.scopes.impl.AbstractFirOverrideScope::getOverridden (166 bytes)
Event: 850.851 Thread 0x00000230933a6ad0 nmethod 23854 0x00000230828e4510 code [0x00000230828e49a0, 0x00000230828e6c50]
Event: 850.854 Thread 0x00000230933a6ad0 23855       3       org.jetbrains.kotlin.load.java.SpecialGenericSignatures$Companion::getSameAsBuiltinMethodWithErasedValueParameters (17 bytes)
Event: 850.858 Thread 0x00000230933a6ad0 nmethod 23855 0x00000230828e7790 code [0x00000230828e79e0, 0x00000230828e8200]
Event: 850.858 Thread 0x00000230933a6ad0 23856       3       org.jetbrains.kotlin.fir.declarations.impl.FirDeclarationStatusImpl::isLateInit (8 bytes)
Event: 850.859 Thread 0x00000230933a6ad0 nmethod 23856 0x0000023080e19e90 code [0x0000023080e1a040, 0x0000023080e1a298]
Event: 850.859 Thread 0x00000230933a6ad0 23858       3       org.jetbrains.kotlin.fir.backend.IrBuiltInsOverFir::getStringType (8 bytes)
Event: 850.862 Thread 0x00000230933a6ad0 nmethod 23858 0x00000230803d1c10 code [0x00000230803d1de0, 0x00000230803d21c0]
Event: 850.862 Thread 0x00000230933a6ad0 23857       3       org.jetbrains.kotlin.util.ArrayMapImpl::copy (30 bytes)
Event: 850.867 Thread 0x00000230933a6ad0 nmethod 23857 0x0000023080f7ba90 code [0x0000023080f7bc80, 0x0000023080f7c110]
Event: 850.913 Thread 0x00000230933a6ad0 23859       3       org.jetbrains.kotlin.fir.backend.generators.Fir2IrCallableDeclarationsGenerator::createExternalPackageFragment$fir2ir (37 bytes)
Event: 850.917 Thread 0x00000230933a6ad0 nmethod 23859 0x00000230828e8510 code [0x00000230828e8780, 0x00000230828e90c0]
Event: 850.949 Thread 0x00000230933a5a20 23860       4       org.jetbrains.kotlin.fir.deserialization.FirMemberDeserializer::addValueParametersTo (457 bytes)
Event: 850.957 Thread 0x00000230933a6ad0 23863       1       org.jetbrains.kotlin.resolve.constants.ClassLiteralValue::getClassId (5 bytes)
Event: 850.958 Thread 0x00000230933a6ad0 nmethod 23863 0x0000023087c5c310 code [0x0000023087c5c4a0, 0x0000023087c5c568]

GC Heap History (20 events):
Event: 99.429 GC heap after
{Heap after GC invocations=55 (full 0):
 garbage-first heap   total 373760K, used 258868K [0x0000000080000000, 0x0000000100000000)
  region size 1024K, 12 young (12288K), 12 survivors (12288K)
 Metaspace       used 155685K, committed 158144K, reserved 1245184K
  class space    used 19726K, committed 20928K, reserved 1048576K
}
Event: 104.178 GC heap before
{Heap before GC invocations=56 (full 0):
 garbage-first heap   total 432128K, used 306996K [0x0000000080000000, 0x0000000100000000)
  region size 1024K, 81 young (82944K), 12 survivors (12288K)
 Metaspace       used 160252K, committed 162752K, reserved 1245184K
  class space    used 20465K, committed 21696K, reserved 1048576K
}
Event: 104.245 GC heap after
{Heap after GC invocations=57 (full 0):
 garbage-first heap   total 432128K, used 241152K [0x0000000080000000, 0x0000000100000000)
  region size 1024K, 3 young (3072K), 3 survivors (3072K)
 Metaspace       used 160252K, committed 162752K, reserved 1245184K
  class space    used 20465K, committed 21696K, reserved 1048576K
}
Event: 110.511 GC heap before
{Heap before GC invocations=57 (full 0):
 garbage-first heap   total 432128K, used 371200K [0x0000000080000000, 0x0000000100000000)
  region size 1024K, 124 young (126976K), 3 survivors (3072K)
 Metaspace       used 171719K, committed 174464K, reserved 1245184K
  class space    used 21892K, committed 23232K, reserved 1048576K
}
Event: 110.669 GC heap after
{Heap after GC invocations=58 (full 0):
 garbage-first heap   total 432128K, used 234877K [0x0000000080000000, 0x0000000100000000)
  region size 1024K, 11 young (11264K), 11 survivors (11264K)
 Metaspace       used 171719K, committed 174464K, reserved 1245184K
  class space    used 21892K, committed 23232K, reserved 1048576K
}
Event: 117.240 GC heap before
{Heap before GC invocations=58 (full 0):
 garbage-first heap   total 432128K, used 328061K [0x0000000080000000, 0x0000000100000000)
  region size 1024K, 103 young (105472K), 11 survivors (11264K)
 Metaspace       used 176481K, committed 179264K, reserved 1245184K
  class space    used 22600K, committed 24000K, reserved 1048576K
}
Event: 117.342 GC heap after
{Heap after GC invocations=59 (full 0):
 garbage-first heap   total 432128K, used 241860K [0x0000000080000000, 0x0000000100000000)
  region size 1024K, 14 young (14336K), 14 survivors (14336K)
 Metaspace       used 176481K, committed 179264K, reserved 1245184K
  class space    used 22600K, committed 24000K, reserved 1048576K
}
Event: 126.633 GC heap before
{Heap before GC invocations=60 (full 0):
 garbage-first heap   total 432128K, used 351428K [0x0000000080000000, 0x0000000100000000)
  region size 1024K, 153 young (156672K), 14 survivors (14336K)
 Metaspace       used 181037K, committed 183808K, reserved 1245184K
  class space    used 23198K, committed 24576K, reserved 1048576K
}
Event: 126.744 GC heap after
{Heap after GC invocations=61 (full 0):
 garbage-first heap   total 432128K, used 219869K [0x0000000080000000, 0x0000000100000000)
  region size 1024K, 16 young (16384K), 16 survivors (16384K)
 Metaspace       used 181037K, committed 183808K, reserved 1245184K
  class space    used 23198K, committed 24576K, reserved 1048576K
}
Event: 141.055 GC heap before
{Heap before GC invocations=61 (full 0):
 garbage-first heap   total 432128K, used 372445K [0x0000000080000000, 0x0000000100000000)
  region size 1024K, 166 young (169984K), 16 survivors (16384K)
 Metaspace       used 189312K, committed 192128K, reserved 1245184K
  class space    used 24088K, committed 25472K, reserved 1048576K
}
Event: 141.607 GC heap after
{Heap after GC invocations=62 (full 0):
 garbage-first heap   total 432128K, used 193853K [0x0000000080000000, 0x0000000100000000)
  region size 1024K, 21 young (21504K), 21 survivors (21504K)
 Metaspace       used 189312K, committed 192128K, reserved 1245184K
  class space    used 24088K, committed 25472K, reserved 1048576K
}
Event: 141.700 GC heap before
{Heap before GC invocations=62 (full 0):
 garbage-first heap   total 432128K, used 194877K [0x0000000080000000, 0x0000000100000000)
  region size 1024K, 22 young (22528K), 21 survivors (21504K)
 Metaspace       used 189399K, committed 192192K, reserved 1245184K
  class space    used 24096K, committed 25472K, reserved 1048576K
}
Event: 141.801 GC heap after
{Heap after GC invocations=63 (full 0):
 garbage-first heap   total 432128K, used 195459K [0x0000000080000000, 0x0000000100000000)
  region size 1024K, 3 young (3072K), 3 survivors (3072K)
 Metaspace       used 189399K, committed 192192K, reserved 1245184K
  class space    used 24096K, committed 25472K, reserved 1048576K
}
Event: 835.636 GC heap before
{Heap before GC invocations=63 (full 0):
 garbage-first heap   total 432128K, used 359299K [0x0000000080000000, 0x0000000100000000)
  region size 1024K, 165 young (168960K), 3 survivors (3072K)
 Metaspace       used 194227K, committed 197120K, reserved 1245184K
  class space    used 24575K, committed 26048K, reserved 1048576K
}
Event: 835.972 GC heap after
{Heap after GC invocations=64 (full 0):
 garbage-first heap   total 432128K, used 222648K [0x0000000080000000, 0x0000000100000000)
  region size 1024K, 23 young (23552K), 23 survivors (23552K)
 Metaspace       used 194227K, committed 197120K, reserved 1245184K
  class space    used 24575K, committed 26048K, reserved 1048576K
}
Event: 836.339 GC heap before
{Heap before GC invocations=64 (full 0):
 garbage-first heap   total 432128K, used 241080K [0x0000000080000000, 0x0000000100000000)
  region size 1024K, 40 young (40960K), 23 survivors (23552K)
 Metaspace       used 194227K, committed 197120K, reserved 1245184K
  class space    used 24575K, committed 26048K, reserved 1048576K
}
Event: 836.428 GC heap after
{Heap after GC invocations=65 (full 0):
 garbage-first heap   total 432128K, used 230797K [0x0000000080000000, 0x0000000100000000)
  region size 1024K, 5 young (5120K), 5 survivors (5120K)
 Metaspace       used 194227K, committed 197120K, reserved 1245184K
  class space    used 24575K, committed 26048K, reserved 1048576K
}
Event: 850.343 GC heap before
{Heap before GC invocations=66 (full 0):
 garbage-first heap   total 432128K, used 371085K [0x0000000080000000, 0x0000000100000000)
  region size 1024K, 143 young (146432K), 5 survivors (5120K)
 Metaspace       used 194818K, committed 197760K, reserved 1245184K
  class space    used 24578K, committed 26048K, reserved 1048576K
}
Event: 850.779 GC heap after
{Heap after GC invocations=67 (full 0):
 garbage-first heap   total 432128K, used 279167K [0x0000000080000000, 0x0000000100000000)
  region size 1024K, 18 young (18432K), 18 survivors (18432K)
 Metaspace       used 194818K, committed 197760K, reserved 1245184K
  class space    used 24578K, committed 26048K, reserved 1048576K
}
Event: 850.959 GC heap before
{Heap before GC invocations=67 (full 0):
 garbage-first heap   total 432128K, used 282239K [0x0000000080000000, 0x0000000100000000)
  region size 1024K, 21 young (21504K), 18 survivors (18432K)
 Metaspace       used 194821K, committed 197760K, reserved 1245184K
  class space    used 24578K, committed 26048K, reserved 1048576K
}

Dll operation events (15 events):
Event: 0.020 Loaded shared library C:\Program Files\Java\jdk-21\bin\java.dll
Event: 0.060 Loaded shared library C:\Program Files\Java\jdk-21\bin\jsvml.dll
Event: 0.106 Loaded shared library C:\Program Files\Java\jdk-21\bin\zip.dll
Event: 0.110 Loaded shared library C:\Program Files\Java\jdk-21\bin\instrument.dll
Event: 0.119 Loaded shared library C:\Program Files\Java\jdk-21\bin\net.dll
Event: 0.125 Loaded shared library C:\Program Files\Java\jdk-21\bin\nio.dll
Event: 0.127 Loaded shared library C:\Program Files\Java\jdk-21\bin\zip.dll
Event: 0.432 Loaded shared library C:\Program Files\Java\jdk-21\bin\jimage.dll
Event: 0.802 Loaded shared library C:\Program Files\Java\jdk-21\bin\verify.dll
Event: 0.839 Loaded shared library D:\Android\Gradle_Home\native\660c5614fbf4a5f2a75b1949f50a0caf5cd603558e7d8a26e50b933a0cfb79d1\windows-amd64\native-platform.dll
Event: 0.858 Loaded shared library D:\Android\Gradle_Home\native\0.2.8\x86_64-windows-gnu\gradle-fileevents.dll
Event: 1.853 Loaded shared library C:\Program Files\Java\jdk-21\bin\management.dll
Event: 1.866 Loaded shared library C:\Program Files\Java\jdk-21\bin\management_ext.dll
Event: 2.072 Loaded shared library C:\Program Files\Java\jdk-21\bin\extnet.dll
Event: 2.458 Loaded shared library C:\Program Files\Java\jdk-21\bin\sunmscapi.dll

Deoptimization events (20 events):
Event: 836.828 Thread 0x00000230e8bec520 DEOPT PACKING pc=0x0000023087b46c14 sp=0x000000fc608f1dd0
Event: 836.828 Thread 0x00000230e8bec520 DEOPT UNPACKING pc=0x0000023087587da2 sp=0x000000fc608f1d60 mode 2
Event: 836.828 Thread 0x00000230e8bec520 Uncommon trap: trap_request=0xffffffde fr.pc=0x0000023087b46c14 relative=0x0000000000000074
Event: 836.828 Thread 0x00000230e8bec520 Uncommon trap: reason=class_check action=maybe_recompile pc=0x0000023087b46c14 method=java.util.AbstractMap.isEmpty()Z @ 1 c2
Event: 836.828 Thread 0x00000230e8bec520 DEOPT PACKING pc=0x0000023087b46c14 sp=0x000000fc608f20d0
Event: 836.829 Thread 0x00000230e8bec520 DEOPT UNPACKING pc=0x0000023087587da2 sp=0x000000fc608f2060 mode 2
Event: 836.829 Thread 0x00000230e8bec520 Uncommon trap: trap_request=0xffffffde fr.pc=0x0000023087b46c14 relative=0x0000000000000074
Event: 836.829 Thread 0x00000230e8bec520 Uncommon trap: reason=class_check action=maybe_recompile pc=0x0000023087b46c14 method=java.util.AbstractMap.isEmpty()Z @ 1 c2
Event: 836.829 Thread 0x00000230e8bec520 DEOPT PACKING pc=0x0000023087b46c14 sp=0x000000fc608f1cb0
Event: 836.829 Thread 0x00000230e8bec520 DEOPT UNPACKING pc=0x0000023087587da2 sp=0x000000fc608f1c40 mode 2
Event: 836.829 Thread 0x00000230e8bec520 Uncommon trap: trap_request=0xffffffde fr.pc=0x0000023087b46c14 relative=0x0000000000000074
Event: 836.829 Thread 0x00000230e8bec520 Uncommon trap: reason=class_check action=maybe_recompile pc=0x0000023087b46c14 method=java.util.AbstractMap.isEmpty()Z @ 1 c2
Event: 836.829 Thread 0x00000230e8bec520 DEOPT PACKING pc=0x0000023087b46c14 sp=0x000000fc608f1fb0
Event: 836.829 Thread 0x00000230e8bec520 DEOPT UNPACKING pc=0x0000023087587da2 sp=0x000000fc608f1f40 mode 2
Event: 845.252 Thread 0x00000230e8bec520 Uncommon trap: trap_request=0xffffff45 fr.pc=0x00000230885f15d4 relative=0x0000000000000574
Event: 845.252 Thread 0x00000230e8bec520 Uncommon trap: reason=unstable_if action=reinterpret pc=0x00000230885f15d4 method=com.google.common.collect.MapMakerInternalMap$Segment.postReadCleanup()V @ 10 c2
Event: 845.253 Thread 0x00000230e8bec520 DEOPT PACKING pc=0x00000230885f15d4 sp=0x000000fc608f72a0
Event: 845.253 Thread 0x00000230e8bec520 DEOPT UNPACKING pc=0x0000023087587da2 sp=0x000000fc608f71f8 mode 2
Event: 849.785 Thread 0x00000230e8bec520 DEOPT PACKING pc=0x0000023081053a19 sp=0x000000fc608ea9e0
Event: 849.786 Thread 0x00000230e8bec520 DEOPT UNPACKING pc=0x00000230875888e2 sp=0x000000fc608e9ea0 mode 0

Classes loaded (20 events):
Event: 121.195 Loading class sun/management/BaseOperatingSystemImpl done
Event: 121.195 Loading class com/sun/management/internal/OperatingSystemImpl done
Event: 122.595 Loading class java/security/cert/CertificateEncodingException
Event: 122.597 Loading class java/security/cert/CertificateEncodingException done
Event: 133.047 Loading class java/lang/StackTraceElement$HashedModules
Event: 133.051 Loading class java/lang/StackTraceElement$HashedModules done
Event: 140.305 Loading class java/time/Instant$1
Event: 140.307 Loading class java/time/Instant$1 done
Event: 140.479 Loading class java/nio/file/attribute/DosFileAttributeView
Event: 140.482 Loading class java/nio/file/attribute/DosFileAttributeView done
Event: 140.482 Loading class sun/nio/fs/WindowsFileAttributeViews$Dos
Event: 140.487 Loading class sun/nio/fs/WindowsFileAttributeViews$Dos done
Event: 140.919 Loading class java/util/concurrent/CompletableFuture$AsyncRun
Event: 140.923 Loading class java/util/concurrent/CompletableFuture$AsyncRun done
Event: 147.977 Loading class java/lang/management/RuntimeMXBean
Event: 147.982 Loading class java/lang/management/RuntimeMXBean done
Event: 147.984 Loading class sun/management/RuntimeImpl
Event: 147.986 Loading class sun/management/RuntimeImpl done
Event: 816.650 Loading class jdk/internal/math/FormattedFPDecimal
Event: 816.764 Loading class jdk/internal/math/FormattedFPDecimal done

Classes unloaded (18 events):
Event: 16.327 Thread 0x0000023093374df0 Unloading class 0x00000230958008c8 '_BuildScript_$_run_closure1$_closure2'
Event: 16.327 Thread 0x0000023093374df0 Unloading class 0x00000230958004e8 '_BuildScript_$_run_closure1'
Event: 16.327 Thread 0x0000023093374df0 Unloading class 0x0000023095800000 '_BuildScript_'
Event: 17.934 Thread 0x0000023093374df0 Unloading class 0x0000023095825468 '_BuildScript_$_run_closure1$_closure3'
Event: 17.934 Thread 0x0000023093374df0 Unloading class 0x0000023095825088 '_BuildScript_$_run_closure1$_closure2'
Event: 17.934 Thread 0x0000023093374df0 Unloading class 0x0000023095824ca8 '_BuildScript_$_run_closure1'
Event: 17.934 Thread 0x0000023093374df0 Unloading class 0x00000230958247c0 '_BuildScript_'
Event: 17.934 Thread 0x0000023093374df0 Unloading class 0x00000230958243e0 'JetGradlePlugin$_apply_closure1$_closure2$_closure3'
Event: 17.934 Thread 0x0000023093374df0 Unloading class 0x0000023095824000 'JetGradlePlugin$_apply_closure1$_closure2'
Event: 17.934 Thread 0x0000023093374df0 Unloading class 0x000002309581d400 'JetGradlePlugin$_apply_closure1'
Event: 17.934 Thread 0x0000023093374df0 Unloading class 0x000002309581dac0 'JetGradlePlugin'
Event: 17.934 Thread 0x0000023093374df0 Unloading class 0x000002309581d800 'RegistryProcessor'
Event: 837.829 Thread 0x0000023093374df0 Unloading class 0x0000023096800c00 'java/lang/invoke/LambdaForm$MH+0x0000023096800c00'
Event: 837.830 Thread 0x0000023093374df0 Unloading class 0x00000230967f4400 'java/lang/invoke/LambdaForm$MH+0x00000230967f4400'
Event: 837.831 Thread 0x0000023093374df0 Unloading class 0x0000023096790400 'java/lang/invoke/LambdaForm$MH+0x0000023096790400'
Event: 837.831 Thread 0x0000023093374df0 Unloading class 0x0000023096790000 'java/lang/invoke/LambdaForm$MH+0x0000023096790000'
Event: 837.831 Thread 0x0000023093374df0 Unloading class 0x0000023096784400 'java/lang/invoke/LambdaForm$MH+0x0000023096784400'
Event: 837.831 Thread 0x0000023093374df0 Unloading class 0x00000230965c8000 'java/lang/invoke/LambdaForm$MH+0x00000230965c8000'

Classes redefined (0 events):
No events

Internal exceptions (20 events):
Event: 830.292 Thread 0x00000230e8bec520 Exception <a 'java/lang/ClassNotFoundException'{0x00000000961771b0}: com/intellij/gradle/toolingExtension/impl/modelBuilder/ExtraModelBuilderCustomizer> (0x00000000961771b0) 
thrown [s\open\src\hotspot\share\classfile\systemDictionary.cpp, line 312]
Event: 831.482 Thread 0x00000230e8bec520 Exception <a 'sun/nio/fs/WindowsException'{0x0000000095dcff30}> (0x0000000095dcff30) 
thrown [s\open\src\hotspot\share\prims\jni.cpp, line 520]
Event: 831.485 Thread 0x00000230e8bec520 Exception <a 'sun/nio/fs/WindowsException'{0x0000000095dd1960}> (0x0000000095dd1960) 
thrown [s\open\src\hotspot\share\prims\jni.cpp, line 520]
Event: 831.486 Thread 0x00000230e8bec520 Exception <a 'sun/nio/fs/WindowsException'{0x0000000095dd3380}> (0x0000000095dd3380) 
thrown [s\open\src\hotspot\share\prims\jni.cpp, line 520]
Event: 831.486 Thread 0x00000230e8bec520 Exception <a 'sun/nio/fs/WindowsException'{0x0000000095dd4998}> (0x0000000095dd4998) 
thrown [s\open\src\hotspot\share\prims\jni.cpp, line 520]
Event: 832.472 Thread 0x00000230e8bec520 Exception <a 'sun/nio/fs/WindowsException'{0x000000009442d708}> (0x000000009442d708) 
thrown [s\open\src\hotspot\share\prims\jni.cpp, line 520]
Event: 832.748 Thread 0x00000230e8bec520 Exception <a 'sun/nio/fs/WindowsException'{0x0000000094446da0}> (0x0000000094446da0) 
thrown [s\open\src\hotspot\share\prims\jni.cpp, line 520]
Event: 832.761 Thread 0x00000230e8bec520 Exception <a 'sun/nio/fs/WindowsException'{0x0000000094448e00}> (0x0000000094448e00) 
thrown [s\open\src\hotspot\share\prims\jni.cpp, line 520]
Event: 844.689 Thread 0x00000230e8bec520 Exception <a 'sun/nio/fs/WindowsException'{0x0000000097e1eda8}> (0x0000000097e1eda8) 
thrown [s\open\src\hotspot\share\prims\jni.cpp, line 520]
Event: 844.695 Thread 0x00000230e8bec520 Exception <a 'sun/nio/fs/WindowsException'{0x0000000097e209d8}> (0x0000000097e209d8) 
thrown [s\open\src\hotspot\share\prims\jni.cpp, line 520]
Event: 844.732 Thread 0x00000230e8bec520 Exception <a 'sun/nio/fs/WindowsException'{0x0000000097e2fee0}> (0x0000000097e2fee0) 
thrown [s\open\src\hotspot\share\prims\jni.cpp, line 520]
Event: 844.739 Thread 0x00000230e8bec520 Exception <a 'sun/nio/fs/WindowsException'{0x0000000097e38708}> (0x0000000097e38708) 
thrown [s\open\src\hotspot\share\prims\jni.cpp, line 520]
Event: 844.743 Thread 0x00000230e8bec520 Exception <a 'sun/nio/fs/WindowsException'{0x0000000097e40bf0}> (0x0000000097e40bf0) 
thrown [s\open\src\hotspot\share\prims\jni.cpp, line 520]
Event: 844.745 Thread 0x00000230e8bec520 Exception <a 'sun/nio/fs/WindowsException'{0x0000000097e496c8}> (0x0000000097e496c8) 
thrown [s\open\src\hotspot\share\prims\jni.cpp, line 520]
Event: 844.749 Thread 0x00000230e8bec520 Exception <a 'sun/nio/fs/WindowsException'{0x0000000097e51b68}> (0x0000000097e51b68) 
thrown [s\open\src\hotspot\share\prims\jni.cpp, line 520]
Event: 844.767 Thread 0x00000230e8bec520 Exception <a 'sun/nio/fs/WindowsException'{0x0000000097e5fc50}> (0x0000000097e5fc50) 
thrown [s\open\src\hotspot\share\prims\jni.cpp, line 520]
Event: 844.855 Thread 0x00000230e8bec520 Exception <a 'sun/nio/fs/WindowsException'{0x0000000097e8c340}> (0x0000000097e8c340) 
thrown [s\open\src\hotspot\share\prims\jni.cpp, line 520]
Event: 845.852 Thread 0x00000230e8bec520 Exception <a 'sun/nio/fs/WindowsException'{0x0000000097c36f08}> (0x0000000097c36f08) 
thrown [s\open\src\hotspot\share\prims\jni.cpp, line 520]
Event: 845.877 Thread 0x00000230e8bec520 Exception <a 'sun/nio/fs/WindowsException'{0x0000000097c4cd68}> (0x0000000097c4cd68) 
thrown [s\open\src\hotspot\share\prims\jni.cpp, line 520]
Event: 845.879 Thread 0x00000230e8bec520 Exception <a 'sun/nio/fs/WindowsException'{0x0000000097c4eb18}> (0x0000000097c4eb18) 
thrown [s\open\src\hotspot\share\prims\jni.cpp, line 520]

ZGC Phase Switch (0 events):
No events

VM Operations (20 events):
Event: 842.118 Executing VM operation: Cleanup done
Event: 842.118 Executing VM operation: RendezvousGCThreads
Event: 842.184 Executing VM operation: RendezvousGCThreads done
Event: 843.187 Executing VM operation: Cleanup
Event: 843.330 Executing VM operation: Cleanup done
Event: 844.335 Executing VM operation: Cleanup
Event: 844.367 Executing VM operation: Cleanup done
Event: 845.375 Executing VM operation: Cleanup
Event: 845.402 Executing VM operation: Cleanup done
Event: 845.665 Executing VM operation: G1PauseCleanup
Event: 845.671 Executing VM operation: G1PauseCleanup done
Event: 846.685 Executing VM operation: Cleanup
Event: 846.687 Executing VM operation: Cleanup done
Event: 848.692 Executing VM operation: Cleanup
Event: 848.692 Executing VM operation: Cleanup done
Event: 849.705 Executing VM operation: Cleanup
Event: 849.707 Executing VM operation: Cleanup done
Event: 850.341 Executing VM operation: G1CollectForAllocation (G1 Evacuation Pause)
Event: 850.784 Executing VM operation: G1CollectForAllocation (G1 Evacuation Pause) done
Event: 850.959 Executing VM operation: G1CollectForAllocation (G1 Evacuation Pause)

Events (20 events):
Event: 839.925 Thread 0x0000023093374df0 flushing nmethod 0x0000023080e5cd10
Event: 839.925 Thread 0x0000023093374df0 flushing nmethod 0x0000023080e5d090
Event: 839.925 Thread 0x0000023093374df0 flushing nmethod 0x0000023080e5d510
Event: 839.925 Thread 0x0000023093374df0 flushing nmethod 0x0000023080e81e90
Event: 839.925 Thread 0x0000023093374df0 flushing nmethod 0x0000023080e84490
Event: 839.925 Thread 0x0000023093374df0 flushing nmethod 0x0000023080e84d90
Event: 839.925 Thread 0x0000023093374df0 flushing nmethod 0x0000023080e85210
Event: 839.925 Thread 0x0000023093374df0 flushing nmethod 0x0000023081046910
Event: 839.925 Thread 0x0000023093374df0 flushing nmethod 0x0000023081050690
Event: 839.925 Thread 0x0000023093374df0 flushing nmethod 0x0000023081052b90
Event: 839.926 Thread 0x0000023093374df0 flushing nmethod 0x00000230810df390
Event: 839.926 Thread 0x0000023093374df0 flushing nmethod 0x000002308127e810
Event: 839.926 Thread 0x0000023093374df0 flushing nmethod 0x0000023081470690
Event: 839.926 Thread 0x0000023093374df0 flushing nmethod 0x0000023081aab690
Event: 839.926 Thread 0x0000023093374df0 flushing nmethod 0x0000023081d2b310
Event: 839.926 Thread 0x0000023093374df0 flushing nmethod 0x0000023081d52190
Event: 843.500 Thread 0x00000230edaff6a0 Thread added: 0x00000230edaff6a0
Event: 843.754 Thread 0x00000230edaff6a0 Thread exited: 0x00000230edaff6a0
Event: 845.705 Thread 0x00000230daeaced0 Thread added: 0x00000230daeaced0
Event: 845.760 Thread 0x00000230daead560 Thread added: 0x00000230daead560


Dynamic libraries:
0x00007ff73a260000 - 0x00007ff73a270000 	C:\Program Files\Java\jdk-21\bin\java.exe
0x00007ffc60eb0000 - 0x00007ffc610c8000 	C:\WINDOWS\SYSTEM32\ntdll.dll
0x00007ffc5fab0000 - 0x00007ffc5fb74000 	C:\WINDOWS\System32\KERNEL32.DLL
0x00007ffc5e1b0000 - 0x00007ffc5e583000 	C:\WINDOWS\System32\KERNELBASE.dll
0x00007ffc5e590000 - 0x00007ffc5e6a1000 	C:\WINDOWS\System32\ucrtbase.dll
0x00007ffc0a4f0000 - 0x00007ffc0a509000 	C:\Program Files\Java\jdk-21\bin\jli.dll
0x00007ffc5f9e0000 - 0x00007ffc5fa91000 	C:\WINDOWS\System32\ADVAPI32.dll
0x00007ffc60dc0000 - 0x00007ffc60e67000 	C:\WINDOWS\System32\msvcrt.dll
0x00007ffc0a020000 - 0x00007ffc0a03b000 	C:\Program Files\Java\jdk-21\bin\VCRUNTIME140.dll
0x00007ffc609d0000 - 0x00007ffc60a78000 	C:\WINDOWS\System32\sechost.dll
0x00007ffc5e6b0000 - 0x00007ffc5e6d8000 	C:\WINDOWS\System32\bcrypt.dll
0x00007ffc5ebd0000 - 0x00007ffc5ece8000 	C:\WINDOWS\System32\RPCRT4.dll
0x00007ffc5ff70000 - 0x00007ffc60122000 	C:\WINDOWS\System32\USER32.dll
0x00007ffc5dfc0000 - 0x00007ffc5dfe6000 	C:\WINDOWS\System32\win32u.dll
0x00007ffc38d00000 - 0x00007ffc38f9c000 	C:\WINDOWS\WinSxS\amd64_microsoft.windows.common-controls_6595b64144ccf1df_6.0.22621.6060_none_2712eda17382d24b\COMCTL32.dll
0x00007ffc5fd30000 - 0x00007ffc5fd59000 	C:\WINDOWS\System32\GDI32.dll
0x00007ffc5ea30000 - 0x00007ffc5eb4b000 	C:\WINDOWS\System32\gdi32full.dll
0x00007ffc5e6e0000 - 0x00007ffc5e77a000 	C:\WINDOWS\System32\msvcp_win.dll
0x00007ffc562b0000 - 0x00007ffc562ba000 	C:\WINDOWS\SYSTEM32\VERSION.dll
0x00007ffc5fb90000 - 0x00007ffc5fbc1000 	C:\WINDOWS\System32\IMM32.DLL
0x00007ffc26500000 - 0x00007ffc2650c000 	C:\Program Files\Java\jdk-21\bin\vcruntime140_1.dll
0x00007ffb62120000 - 0x00007ffb621ae000 	C:\Program Files\Java\jdk-21\bin\msvcp140.dll
0x00007ffb57770000 - 0x00007ffb5848d000 	C:\Program Files\Java\jdk-21\bin\server\jvm.dll
0x00007ffc5eb50000 - 0x00007ffc5ebc1000 	C:\WINDOWS\System32\WS2_32.dll
0x00007ffc5de90000 - 0x00007ffc5dedd000 	C:\WINDOWS\SYSTEM32\POWRPROF.dll
0x00007ffc58370000 - 0x00007ffc583a4000 	C:\WINDOWS\SYSTEM32\WINMM.dll
0x00007ffc5de70000 - 0x00007ffc5de83000 	C:\WINDOWS\SYSTEM32\UMPDC.dll
0x00007ffc5cf60000 - 0x00007ffc5cf78000 	C:\WINDOWS\SYSTEM32\kernel.appcore.dll
0x00007ffc1fe10000 - 0x00007ffc1fe1a000 	C:\Program Files\Java\jdk-21\bin\jimage.dll
0x00007ffc5b860000 - 0x00007ffc5ba93000 	C:\WINDOWS\SYSTEM32\DBGHELP.DLL
0x00007ffc5f1a0000 - 0x00007ffc5f531000 	C:\WINDOWS\System32\combase.dll
0x00007ffc5eda0000 - 0x00007ffc5ee78000 	C:\WINDOWS\System32\OLEAUT32.dll
0x00007ffc373d0000 - 0x00007ffc37402000 	C:\WINDOWS\SYSTEM32\dbgcore.DLL
0x00007ffc5dff0000 - 0x00007ffc5e06b000 	C:\WINDOWS\System32\bcryptPrimitives.dll
0x00007ffc13270000 - 0x00007ffc1327f000 	C:\Program Files\Java\jdk-21\bin\instrument.dll
0x00007ffc0a000000 - 0x00007ffc0a01f000 	C:\Program Files\Java\jdk-21\bin\java.dll
0x00007ffc60130000 - 0x00007ffc609cc000 	C:\WINDOWS\System32\SHELL32.dll
0x00007ffc5e070000 - 0x00007ffc5e1af000 	C:\WINDOWS\System32\wintypes.dll
0x00007ffc5be70000 - 0x00007ffc5c78a000 	C:\WINDOWS\SYSTEM32\windows.storage.dll
0x00007ffc5fe60000 - 0x00007ffc5ff64000 	C:\WINDOWS\System32\SHCORE.dll
0x00007ffc5fd60000 - 0x00007ffc5fdc9000 	C:\WINDOWS\System32\shlwapi.dll
0x00007ffc5def0000 - 0x00007ffc5df15000 	C:\WINDOWS\SYSTEM32\profapi.dll
0x00007ffb5adf0000 - 0x00007ffb5aec7000 	C:\Program Files\Java\jdk-21\bin\jsvml.dll
0x00007ffc09fe0000 - 0x00007ffc09ff8000 	C:\Program Files\Java\jdk-21\bin\zip.dll
0x00007ffc0ed40000 - 0x00007ffc0ed50000 	C:\Program Files\Java\jdk-21\bin\net.dll
0x00007ffc59800000 - 0x00007ffc5992c000 	C:\WINDOWS\SYSTEM32\WINHTTP.dll
0x00007ffc5d430000 - 0x00007ffc5d499000 	C:\WINDOWS\system32\mswsock.dll
0x00007ffc09fc0000 - 0x00007ffc09fd6000 	C:\Program Files\Java\jdk-21\bin\nio.dll
0x00007ffc0a4e0000 - 0x00007ffc0a4f0000 	C:\Program Files\Java\jdk-21\bin\verify.dll
0x00007ffc0e250000 - 0x00007ffc0e277000 	D:\Android\Gradle_Home\native\660c5614fbf4a5f2a75b1949f50a0caf5cd603558e7d8a26e50b933a0cfb79d1\windows-amd64\native-platform.dll
0x00007ffb5acf0000 - 0x00007ffb5ad67000 	D:\Android\Gradle_Home\native\0.2.8\x86_64-windows-gnu\gradle-fileevents.dll
0x00007ffc0a470000 - 0x00007ffc0a47a000 	C:\Program Files\Java\jdk-21\bin\management.dll
0x00007ffc0a450000 - 0x00007ffc0a45b000 	C:\Program Files\Java\jdk-21\bin\management_ext.dll
0x00007ffc60cc0000 - 0x00007ffc60cc8000 	C:\WINDOWS\System32\PSAPI.DLL
0x00007ffc5c9f0000 - 0x00007ffc5ca1d000 	C:\WINDOWS\SYSTEM32\IPHLPAPI.DLL
0x00007ffc5faa0000 - 0x00007ffc5faa9000 	C:\WINDOWS\System32\NSI.dll
0x00007ffc09fb0000 - 0x00007ffc09fb9000 	C:\Program Files\Java\jdk-21\bin\extnet.dll
0x00007ffc5d680000 - 0x00007ffc5d69b000 	C:\WINDOWS\SYSTEM32\CRYPTSP.dll
0x00007ffc5cec0000 - 0x00007ffc5cef7000 	C:\WINDOWS\system32\rsaenh.dll
0x00007ffc5d500000 - 0x00007ffc5d528000 	C:\WINDOWS\SYSTEM32\USERENV.dll
0x00007ffc5d6a0000 - 0x00007ffc5d6ac000 	C:\WINDOWS\SYSTEM32\CRYPTBASE.dll
0x00007ffc02d30000 - 0x00007ffc02d3e000 	C:\Program Files\Java\jdk-21\bin\sunmscapi.dll
0x00007ffc5e780000 - 0x00007ffc5e8e8000 	C:\WINDOWS\System32\CRYPT32.dll
0x00007ffc5d870000 - 0x00007ffc5d89e000 	C:\WINDOWS\SYSTEM32\ncrypt.dll
0x00007ffc5d830000 - 0x00007ffc5d867000 	C:\WINDOWS\SYSTEM32\NTASN1.dll
0x00007ffc58f70000 - 0x00007ffc58f78000 	C:\WINDOWS\system32\wshunix.dll
0x00007ffc5ca20000 - 0x00007ffc5cb18000 	C:\WINDOWS\SYSTEM32\DNSAPI.dll
0x00007ffc557e0000 - 0x00007ffc557ea000 	C:\Windows\System32\rasadhlp.dll
0x00007ffc55e20000 - 0x00007ffc55ea4000 	C:\WINDOWS\System32\fwpuclnt.dll

dbghelp: loaded successfully - version: 4.0.5 - missing functions: none
symbol engine: initialized successfully - sym options: 0x614 - pdb path: .;C:\Program Files\Java\jdk-21\bin;C:\WINDOWS\SYSTEM32;C:\WINDOWS\WinSxS\amd64_microsoft.windows.common-controls_6595b64144ccf1df_6.0.22621.6060_none_2712eda17382d24b;C:\Program Files\Java\jdk-21\bin\server;D:\Android\Gradle_Home\native\660c5614fbf4a5f2a75b1949f50a0caf5cd603558e7d8a26e50b933a0cfb79d1\windows-amd64;D:\Android\Gradle_Home\native\0.2.8\x86_64-windows-gnu

VM Arguments:
jvm_args: --add-opens=java.base/java.lang=ALL-UNNAMED --add-opens=java.base/java.lang.invoke=ALL-UNNAMED --add-opens=java.base/java.util=ALL-UNNAMED --add-opens=java.prefs/java.util.prefs=ALL-UNNAMED --add-exports=jdk.compiler/com.sun.tools.javac.api=ALL-UNNAMED --add-exports=jdk.compiler/com.sun.tools.javac.util=ALL-UNNAMED --add-opens=java.base/java.util=ALL-UNNAMED --add-opens=java.prefs/java.util.prefs=ALL-UNNAMED --add-opens=java.base/java.nio.charset=ALL-UNNAMED --add-opens=java.base/java.net=ALL-UNNAMED --add-opens=java.base/java.util.concurrent=ALL-UNNAMED --add-opens=java.base/java.util.concurrent.atomic=ALL-UNNAMED --add-opens=java.xml/javax.xml.namespace=ALL-UNNAMED --add-opens=java.base/java.time=ALL-UNNAMED -Xmx2048m -Dfile.encoding=UTF-8 -Duser.country=US -Duser.language=en -Duser.variant -javaagent:D:\Android\Gradle_Home\wrapper\dists\gradle-9.3.1-bin\23ovyewtku6u96viwx3xl3oks\gradle-9.3.1\lib\agents\gradle-instrumentation-agent-9.3.1.jar 
java_command: org.gradle.launcher.daemon.bootstrap.GradleDaemon 9.3.1
java_class_path (initial): D:\Android\Gradle_Home\wrapper\dists\gradle-9.3.1-bin\23ovyewtku6u96viwx3xl3oks\gradle-9.3.1\lib\gradle-daemon-main-9.3.1.jar
Launcher Type: SUN_STANDARD

[Global flags]
     intx CICompilerCount                          = 4                                         {product} {ergonomic}
     uint ConcGCThreads                            = 2                                         {product} {ergonomic}
     uint G1ConcRefinementThreads                  = 8                                         {product} {ergonomic}
   size_t G1HeapRegionSize                         = 1048576                                   {product} {ergonomic}
    uintx GCDrainStackTargetSize                   = 64                                        {product} {ergonomic}
   size_t InitialHeapSize                          = 62914560                                  {product} {ergonomic}
   size_t MarkStackSize                            = 4194304                                   {product} {ergonomic}
   size_t MaxHeapSize                              = 2147483648                                {product} {command line}
   size_t MaxNewSize                               = 1287651328                                {product} {ergonomic}
   size_t MinHeapDeltaBytes                        = 1048576                                   {product} {ergonomic}
   size_t MinHeapSize                              = 8388608                                   {product} {ergonomic}
    uintx NonNMethodCodeHeapSize                   = 5839372                                {pd product} {ergonomic}
    uintx NonProfiledCodeHeapSize                  = 122909434                              {pd product} {ergonomic}
    uintx ProfiledCodeHeapSize                     = 122909434                              {pd product} {ergonomic}
    uintx ReservedCodeCacheSize                    = 251658240                              {pd product} {ergonomic}
     bool SegmentedCodeCache                       = true                                      {product} {ergonomic}
   size_t SoftMaxHeapSize                          = 2147483648                             {manageable} {ergonomic}
     bool UseCompressedOops                        = true                           {product lp64_product} {ergonomic}
     bool UseG1GC                                  = true                                      {product} {ergonomic}
     bool UseLargePagesIndividualAllocation        = false                                  {pd product} {ergonomic}

Logging:
Log output configuration:
 #0: stdout all=warning uptime,level,tags foldmultilines=false
 #1: stderr all=off uptime,level,tags foldmultilines=false

Environment Variables:
PATH=C:\Program Files\Common Files\Oracle\Java\javapath;C:\WINDOWS\system32;C:\WINDOWS;C:\WINDOWS\System32\Wbem;C:\WINDOWS\System32\WindowsPowerShell\v1.0\;C:\WINDOWS\System32\OpenSSH\;C:\Program Files\nodejs\;C:\Program Files\Git\cmd;C:\Program Files (x86)\Microsoft SQL Server\160\Tools\Binn\;C:\Program Files\Microsoft SQL Server\160\Tools\Binn\;C:\Program Files\Microsoft SQL Server\Client SDK\ODBC\170\Tools\Binn\;C:\Program Files\Microsoft SQL Server\160\DTS\Binn\;C:\Program Files (x86)\Microsoft SQL Server\160\DTS\Binn\;C:\Program Files\dotnet\;C:\Program Files\Microsoft SQL Server\150\Tools\Binn\;C:\msys64\ucrt64\bin;C:\Program Files\Cloudflare\Cloudflare WARP\;D:\Graphviz\bin;C:\Users\HP\AppData\Local\Microsoft\WindowsApps;C:\ProgramData\HP\GitHubDesktop\bin;C:\Users\HP\AppData\Local\Programs\Microsoft VS Code\bin;C:\Users\HP\AppData\Roaming\npm;C:\Users\HP\.dotnet\tools;C:\msys64\ucrt64\bin;D:\IntelliJ IDEA 2025.3.2\bin;C:\Users\HP\AppData\Local\GitHubDesktop\bin
USERNAME=HP
OS=Windows_NT
PROCESSOR_IDENTIFIER=Intel64 Family 6 Model 140 Stepping 1, GenuineIntel
TMP=C:\Users\HP\AppData\Local\Temp
TEMP=C:\Users\HP\AppData\Local\Temp




Periodic native trim disabled

---------------  S Y S T E M  ---------------

OS:
 Windows 11 , 64 bit Build 22621 (10.0.22621.5415)
OS uptime: 4 days 1:40 hours
Hyper-V role detected

CPU: total 8 (initial active 8) (4 cores per cpu, 2 threads per core) family 6 model 140 stepping 1 microcode 0xb8, cx8, cmov, fxsr, ht, mmx, 3dnowpref, sse, sse2, sse3, ssse3, sse4.1, sse4.2, popcnt, lzcnt, tsc, tscinvbit, avx, avx2, aes, erms, clmul, bmi1, bmi2, adx, avx512f, avx512dq, avx512cd, avx512bw, avx512vl, sha, fma, vzeroupper, avx512_vpopcntdq, avx512_vpclmulqdq, avx512_vaes, avx512_vnni, clflush, clflushopt, clwb, avx512_vbmi2, avx512_vbmi, hv, rdtscp, rdpid, fsrm, gfni, avx512_bitalg, f16c, cet_ibt, cet_ss, avx512_ifma
Processor Information for all 8 processors :
  Max Mhz: 2419, Current Mhz: 2419, Mhz Limit: 2419

Memory: 4k page, system-wide physical 3763M (98M free)
TotalPageFile size 15539M (AvailPageFile size 7M)
current process WorkingSet (physical memory assigned to process): 232M, peak: 439M
current process commit charge ("private bytes"): 928M, peak: 994M

vm_info: Java HotSpot(TM) 64-Bit Server VM (21.0.9+7-LTS-338) for windows-amd64 JRE (21.0.9+7-LTS-338), built on 2025-09-26T06:33:49Z by "mach5run" with MS VC++ 17.6 (VS2022)

END.
